code;nom;citycode;Presence;A.qualifier..pour.moi.;Datation.estimee;intensitee.estimee;Loc.laterale;Loc.longitu;Encore.en.cours;nombre_carrieres;surface_totale_m2;surface_totale_km2;Urban.Aggl;occurrences;name;cluster;Country.or;Continent;clim;clco;biom;npos;nneg;nneu;num_pixels;num_tot;perc_pos;perc_neg;perc_neu;categ_prop;code_prop;Latitude;Longitude;CityLength_km
157;Abakaliki--Nigeria;2455445_206382;1;0;Env. 2005;2;plain;amont urb;NA;0;0;0;Abakaliki;6;Abakaliki--Nigeria;cl5;Nigeria;AF;c18;c17;b01;84;NA;NA;84;NA;NA;NA;NA;NA;NA;6.3163;81169;5
162;Abidjan--CÃƒÆ’Ã‚Â´te d'Ivoire;2478815_21602;1;0;Env. 2010;1;plain;amont urb;NA;40;188699.84;0.18869984;Abidjan;0;Abidjan--CÃƒÂ´te d'Ivoire;cl5;CÃƒÂ´te d'Ivoire;AF;c18;c17;b01;15909;9272;123267;467871;148448;0.107168840267299;0.0624595818064238;0.830371577926277;D : Minor increase and minor decrease;D;5.3453;-40268;23
156;Abomey-Calavi--Benin;2453450_204024;1;0;Env. 2015;2;plain;amont urb;NA;2;26689.83597;0.02668983597;Abomey-Calavi;4;Abomey-Calavi--Benin;cl5;Benin;AF;c17;c12;b07;30213;19983;183824;600855;234020;0.129104350055551;0.0853901375950773;0.785505512349372;D : Minor increase and minor decrease;D;6.4485;23557;18
3;Adana--Turkey;1040443_22647;1;0;Env. 1990;3;corr;amont urb;NA;0;0;0;Adana;0;Adana--Turkey;cl1;Turkey;AS;c08;c12;b12;132242;21677;80398;575393;234317;0.564372196639595;0.092511426827759;0.343116376532646;B : Medium increase and minor decrease;B;37.0017;353289;9
95;Agartala--India;1802401_21150;1;0;Pre-1985;2;corr plain;amont urb aval;NA;4;182914.97533;0.18291497533;Agartala;6;Agartala--India;cl2;India;AS;c18;c16;b01;410068;1241027;541013;15265234;2192108;0.187065600782443;0.56613405908833;0.246800340129227;E : Minor increase and medium decrease;E;23.8364;91275;15
66;Agra--India;1601924_21151;0;0;NA;0;NA;NA;NA;5;3519217.49428;3.51921749428;Agra;0;Agra--India;cl2;India;AS;c16;c16;b01;22525;38944;12982;355386;74451;0.302547984580462;0.523082295738136;0.174369719681401;E : Minor increase and medium decrease;E;27.1833;780167;16
98;Ahmadabad--India;1851691_21152;1;0;Pre-1985;5;corr plain;amont urb aval;NA;0;0;0;Ahmadabad;0;Ahmadabad--India;cl2;India;AS;c17;c16;b02;40506;11982;2180;149556;54668;0.740945342796517;0.219177581034609;0.0398770761688739;A : Major increase and minor decrease;A;23.0333;726167;23
118;Al-Khartum (Khartoum)--Sudan;2152806_22579;0;0;NA;0;NA;NA;NA;0;0;0;Al-Khartum (Khartoum);0;Al-Khartum (Khartoum)--Sudan;cl2;Sudan;AF;c17;c19;b07;282976;75496;445950;5445242;804422;0.351775560588845;0.0938512372859022;0.554373202125253;D : Minor increase and minor decrease;D;15.5518;325324;47
281;Allentown-Bethlehem--United States of America;850666_22910;1;0;Pre-1985;3;plain;amont urb aval;NA;48;10977414.137;10.977414137;Allentown-Bethlehem;1;Allentown-Bethlehem--United States of America;cl2;United States of America;AN;c10;c02;b04;27159;18085;40267;276541;85511;0.317608260925495;0.211493258177311;0.470898480897194;D : Minor increase and minor decrease;D;40.6091;-75476;38
40;Al-Mansurah--Egypt;1387971_22819;0;0;NA;0;NA;NA;NA;0;0;0;Al-Mansurah;0;Al-Mansurah--Egypt;cl2;Egypt;AF;c14;c16;b09;14805;3729;12153;86640;30687;0.482451852576009;0.121517254863623;0.396030892560368;B : Medium increase and minor decrease;B;31.0364;313807;13
9;Al-Mawsil (Mosul)--Iraq;1087681_21536;1;0;Env. 1990;4;corr plain;amont urb aval;NA;23;7793703.07309;7.79370307309;Al-Mawsil (Mosul);1;Al-Mawsil (Mosul)--Iraq;cl1;Iraq;AS;c14;c14;b08;32724;22133;24838;467837;79695;0.410615471485037;0.277721312503921;0.311663216011042;B : Medium increase and minor decrease;B;36.335;431189;17
158;Alor Star--Malaysia;2460697_21801;1;0;Env. 1995;4;corr plain;amont;NA;2;190825.92564;0.19082592564;Alor Star;0;Alor Star--Malaysia;cl2;Malaysia;AS;c18;c16;b01;8704;3730;2874;77397;15308;0.568591586098772;0.243663443950875;0.187744969950353;B : Medium increase and minor decrease;B;6.1167;1003667;12
51;Al-Qahirah (Cairo)--Egypt;1470344_22812;1;0;Env. 2000;1;plain;amont urb;NA;48;50451558.47236;50.45155847236;Al-Qahirah (Cairo);5;Al-Qahirah (Cairo)--Egypt;cl1;Egypt;AF;c15;c19;b13;101651;103029;189367;2273498;394047;0.257966689252805;0.261463734021576;0.480569576725619;D : Minor increase and minor decrease;D;30.0392;312394;72
12;Al-Raqqa--Syrian Arab Republic;1110071_22607;1;0;Env. 1995;4;corr plain;amont urb aval;NA;0;0;0;Al-Raqqa;0;Al-Raqqa--Syrian Arab Republic;cl1;Syrian Arab Republic;AS;c12;c14;b08;14543;28744;25054;448546;68341;0.212800515064164;0.420596713539457;0.36660277139638;E : Minor increase and medium decrease;E;35.95;390167;11
38;Amara--Iraq;1343111_21527;1;0;Env. 1990;2;corr plain;amont aval;NA;0;0;0;Amara;0;Amara--Iraq;cl2;Iraq;AS;c15;c19;b09;10467;44223;8952;522966;63642;0.164466861506552;0.694871311398133;0.140661827095314;E : Minor increase and medium decrease;E;31.8344;471524;11
121;Angeles City--Philippines;2165769_22084;1;0;Env. 2005;4;corr;amont urb;NA;30;3680840.22447;3.68084022447;Angeles City;2;Angeles City--Philippines;cl2;Philippines;AS;c18;c16;b01;326188;22646;32911;1049737;381745;0.854465677350064;0.0593223224927635;0.086212000157173;A : Major increase and minor decrease;A;15.15;1205833;26
32;Ankang--China;1296245_23575;1;0;Env. 1995;4;corr plain;amont urb aval;NA;3;241356.86852;0.24135686852;Ankang;1;Ankang--China;cl2;China;AS;c11;c13;b04;80779;10796;42327;313552;133902;0.603269555346447;0.0806261295574375;0.316104315096115;B : Medium increase and minor decrease;B;32.6912;1090297;29
283;Ankara--Turkey;887572_22656;0;0;NA;0;NA;NA;NA;6;540815.89693;0.54081589693;Ankara;1;Ankara--Turkey;cl2;Turkey;AS;c09;c16;b04;12108;3817;12075;28242;28000;0.432428571428571;0.136321428571429;0.43125;B : Medium increase and minor decrease;B;39.9199;328543;25
269;Ann Arbor--United States of America;758032_22917;0;0;NA;0;NA;NA;NA;3;461567.36441;0.46156736441;Ann Arbor;0;Ann Arbor--United States of America;cl2;United States of America;AN;c08;c16;b04;3759;4498;19408;33635;27665;0.135875655159949;0.162588107717332;0.701536237122718;D : Minor increase and minor decrease;D;42.2776;-837409;7
86;Anning--China;1741039_23577;1;0;Env. 1990;2;plain;amont urb aval;NA;6;2393447.98243;2.39344798243;Anning;0;Anning--China;cl2;China;AS;c11;c13;b01;4246;608;379;30620;5233;0.81138926046245;0.116185744314925;0.0724249952226256;A : Major increase and minor decrease;A;24.9211;1024784;8
195;Antananarivo--Madagascar;2788321_21792;1;0;Env. 2000;3;corr plain;urb aval;NA;12;535162.33832;0.53516233832;Antananarivo;1;Antananarivo--Madagascar;cl2;Madagascar;AF;c14;c13;b01;117941;16770;37002;305309;171713;0.68684956875717;0.0976629608707553;0.215487470372074;B : Medium increase and minor decrease;B;-18.9137;475361;20
188;Aracaju--Brazil;2726758_20174;1;1;Env. 2005;1;corr plain;amont urb;NA;2;1533183.69784;1.53318369784;Aracaju;0;Aracaju--Brazil;cl2;Brazil;SA;c18;c17;b02;9787;12238;49557;330668;71582;0.136724316168869;0.170964767679025;0.692310916152105;D : Minor increase and minor decrease;D;-10.9111;-370717;16
259;Asahikawa--Japan;689376_21611;1;1;Pre-1985;1;plain;amont aval;NA;1;38841.12188;0.03884112188;Asahikawa;0;Asahikawa--Japan;cl1;Japan;AS;c07;c02;b05;18436;7534;4893;65429;30863;0.597349577163594;0.244111071509575;0.158539351326831;B : Medium increase and minor decrease;B;43.7678;1423703;14
198;AsunciÃƒÆ’Ã‚Â³n--Paraguay;2840290_22065;1;1;Env. 2000;1;corr plain;amont urb aval;NA;15;2117792.09173;2.11779209173;Asuncion;0;AsunciÃƒÂ³n--Paraguay;cl2;Paraguay;SA;c13;c15;b07;369114;491002;291916;5881980;1152032;0.32040255826227;0.426205174856254;0.253392266881476;E : Minor increase and medium decrease;E;-25.3007;-576359;38
94;Aswan--Egypt;1790129_22808;1;1;Env. 2000;1;corr plain;urb;NA;2;76727.02635;0.07672702635;Aswan;22;Aswan--Egypt;cl1;Egypt;AF;c16;c19;b13;166374;5739;143260;726321;315373;0.527546746233825;0.0181974994688829;0.454255754297292;B : Medium increase and minor decrease;B;24.0934;32907;13
65;Asyut--Egypt;1598056_22807;0;1;NA;0;NA;NA;NA;0;0;0;Asyut;11;Asyut--Egypt;cl1;Egypt;AF;c15;c19;b13;20129;25116;48410;575183;93655;0.214927126154503;0.268175751428114;0.516897122417383;D : Minor increase and minor decrease;D;27.181;311837;16
46;Austin--United States of America;1438966_22926;1;1;Pre-1985;4;plain;urb aval;NA;19;29795398.79239;29.79539879239;Austin;1;Austin--United States of America;cl1;United States of America;AN;c14;c13;b08;23054;51440;84242;353849;158736;0.145234855357323;0.324060074589255;0.530705070053422;D : Minor increase and minor decrease;D;30.27;-9774;22
218;Bahia Blanca--Argentina;2912762_20057;1;1;Env. 1985;1;plain;amont aval;NA;7;479074.37288;0.47907437288;Bahia Blanca;0;Bahia Blanca--Argentina;cl1;Argentina;SA;c11;c14;b08;215996;77204;787335;4633133;1080535;0.19989727311008;0.0714497910757171;0.728652935814203;D : Minor increase and minor decrease;D;-38.7196;-622724;9
131;Bamako--Mali;2252691_21818;1;1;Env. 1995;3;corr plain;amont urb aval;NA;12;968580.359;0.968580359;Bamako;3;Bamako--Mali;cl2;Mali;AF;c17;c18;b07;166800;24743;103102;1496186;294645;0.566104973782009;0.0839756316923756;0.349919394525616;B : Medium increase and minor decrease;B;12.65;-8;35
166;Bangui--Central African Republic;2493141_20410;0;1;NA;0;NA;NA;NA;2;54217.61429;0.05421761429;Bangui;4;Bangui--Central African Republic;cl2;Central African Republic;AF;c18;c09;b01;7524;6113;48823;267458;62460;0.120461095100865;0.097870637207813;0.781668267691322;D : Minor increase and minor decrease;D;4.3612;18555;8
139;Barranquilla--Colombia;2315459_20808;1;0;Env. 1995;2;plain;amont urb;NA;1;168408.0555;0.1684080555;Barranquilla;1;Barranquilla--Colombia;cl2;Colombia;SA;c17;c16;b01;133733;71856;53396;1073196;258985;0.516373535146823;0.277452362105913;0.206174102747263;B : Medium increase and minor decrease;B;10.9639;-747964;28
241;Basel--Switzerland;519437_22600;1;1;Pre-1985;3;plain;amont urb aval;NA;40;6867511.46405;6.86751146405;Basel;1;Basel--Switzerland;cl2;Switzerland;EU;c10;c16;b04;5827;5081;35344;222584;46252;0.125983741243622;0.109854708985557;0.764161549770821;D : Minor increase and minor decrease;D;47.5584;75733;17
298;Batman--Turkey;989483_22663;1;1;Env. 2000-2005;3;corr;amont urb aval;NA;1;52595.94271;0.05259594271;Batman;9;Batman--Turkey;cl2;Turkey;AS;c11;c16;b04;26501;9867;4256;236205;40624;0.652348365498228;0.242885978731784;0.104765655769988;B : Medium increase and minor decrease;B;37.8874;411322;9
79;Begusarai--India;1706404_204943;0;0;NA;0;NA;NA;NA;0;0;0;Begusarai;0;Begusarai--India;cl2;India;AS;c18;c16;b01;1859540;674574;283161;16463015;2817275;0.660049160980025;0.239442014002893;0.100508825017082;B : Medium increase and minor decrease;B;25.4167;861333;31
173;BelÃƒÆ’Ã‚Â©m--Brazil;2570197_20182;1;1;Pre-1984;1;plain;amont urb;NA;0;0;0;Belem;0;Belem--Brazil;cl2;Brazil;SA;c18;c16;b01;17701;30525;587551;3029280;635777;0.0278415230497486;0.0480121174562779;0.924146359493974;D : Minor increase and minor decrease;D;-1.4561;-48479;33
255;Beograd (Belgrade)--Serbia;643964_23241;1;1;Pre-1985;2;corr plain;amont urb aval;NA;16;17298522.80521;17.29852280521;Beograd (Belgrade);1;Beograd (Belgrade)--Serbia;cl2;Serbia;EU;c09;c16;b04;63245;33411;236567;2181679;333223;0.189797823079439;0.100266188108264;0.709935988812297;D : Minor increase and minor decrease;D;44.8176;204633;24
221;Berlin--Germany;314193_204296;1;1;Env. 1984;2;plain;amont aval;NA;18;2641682.68479;2.64168268479;Berlin;2;Berlin--Germany;cl2;Germany;EU;c08;c16;b04;32096;26898;256323;715010;315317;0.101789627581133;0.0853046299438343;0.812905742475033;D : Minor increase and minor decrease;D;52.5244;134105;31
81;Bhagalpur--India;1719740_21187;0;1;NA;0;NA;NA;NA;0;0;0;Bhagalpur;3;Bhagalpur--India;cl2;India;AS;c18;c16;b01;765286;257212;88964;8060152;1111462;0.688539959080922;0.231417718284566;0.080042322634512;B : Medium increase and minor decrease;B;25.25;87;15
80;Bhilwara--India;1715216_21191;1;1;Env. 2000;4;corr plain;amont urb aval;NA;7;1581079.85469;1.58107985469;Bhilwara;4;Bhilwara--India;cl2;India;AS;c16;c16;b02;12008;10697;10190;33048;32895;0.365040279677763;0.325186198510412;0.309773521811825;D : Minor increase and minor decrease;D;25.35;746333;6
104;Bhubaneswar--India;1983022_21196;1;1;Env. 2010;4;corr;amont urb aval;NA;0;0;0;Bhubaneswar;3;Bhubaneswar--India;cl2;India;AS;c17;c16;b01;79053;119418;40442;585138;238913;0.330886138468815;0.499838853473859;0.169275008057326;E : Minor increase and medium decrease;E;20.2333;858333;16
82;Bihar Sharif--India;1723971_21201;1;1;Env. 2005;3;corr plain;amont urb aval;NA;3;58274.0218;0.0582740218;Bihar Sharif;1;Bihar Sharif--India;cl2;India;AS;c17;c16;b02;32027;4383;3527;56662;39937;0.801938052432581;0.109747852868268;0.0883140946991512;A : Major increase and minor decrease;A;25.1833;855167;7
164;BogotÃƒÆ’Ã‚Â¡--Colombia;2491329_20837;0;0;NA;0;NA;NA;NA;89;17366361.79318;17.36636179318;Bogota;2;BogotÃƒÂ¡--Colombia;cl2;Colombia;SA;c11;c16;b01;13451;1303;733;15632;15487;0.86853490023891;0.0841350810357074;0.0473300187253826;A : Major increase and minor decrease;A;4.6097;-740818;37
238;Bratislava--Slovakia;492153_22448;1;1;Pre-1985;3;corr plain;amont urb aval;NA;49;1859885.87972;1.85988587972;Bratislava;6;Bratislava--Slovakia;cl2;Slovakia;EU;c10;c16;b04;71281;12037;47083;771376;130401;0.54662924364077;0.0923075743284177;0.361063182030813;B : Medium increase and minor decrease;B;48.1482;171067;14
224;Brest--Belarus;326830_20344;1;1;Env. 1985;3;corr plain;amont urb;NA;6;717470.56847;0.71747056847;Brest;1;Brest--Belarus;cl2;Belarus;EU;c08;c16;b04;18910;9352;10659;83385;38921;0.485855964646335;0.240281596053544;0.273862439300121;B : Medium increase and minor decrease;B;52.0976;236878;11
203;Brisbane--Australia;2861428_206170;1;1;Pre-1985;2;plain;amont urb;NA;13;8235039.2414;8.2350392414;Brisbane;5;Brisbane--Australia;cl2;Australia;OC;c14;c01;b04;13575;13255;35174;932951;62004;0.218937487904006;0.213776530546416;0.567285981549577;D : Minor increase and minor decrease;D;-27.4679;1530281;24
230;Bruxelles-Brussel--Belgium;380235_20144;1;1;Pre-1985;2;plain;aval;NA;5;818500.1269;0.8185001269;Bruxelles-Brussel;6;Bruxelles-Brussel--Belgium;cl2;Belgium;EU;c10;c16;b04;31005;7716;75989;159512;114710;0.27029029727138;0.0672652776566995;0.66244442507192;D : Minor increase and minor decrease;D;50.8467;43499;27
257;Bucuresti (Bucharest)--Romania;659868_22191;0;0;NA;0;NA;NA;NA;0;0;0;Bucuresti (Bucharest);0;Bucuresti (Bucharest)--Romania;cl2;Romania;EU;c09;c16;b04;17165;2713;15473;41360;35351;0.485559107238833;0.0767446465446522;0.437696246216514;B : Medium increase and minor decrease;B;44.4328;261043;20
214;Buenos Aires--Argentina;2903125_20058;1;0;Pre-1985;1;corr plain;amont urb;NA;20;2918475.37857;2.91847537857;Buenos Aires;2;Buenos Aires--Argentina;cl3;Argentina;SA;c12;c14;b08;2774075;2739053;1094750;32861615;6607878;0.419813289531072;0.414513252211981;0.165673458256947;C : Medium increase and medium decrease;C;-34.6051;-584004;far
177;Bukavu--Democratic Republic of the Congo;2587314_20850;0;1;NA;0;NA;NA;NA;4;27961.56473;0.02796156473;Bukavu;0;Bukavu--Democratic Republic of the Congo;cl2;Democratic Republic of the Congo;AF;c18;c01;b01;917;717;1065;39904;2699;0.339755464987032;0.265653945905891;0.394590589107077;D : Minor increase and minor decrease;D;-2.5083;288608;10
39;Bur Sa'id--Egypt;1375356_22823;0;0;NA;0;NA;NA;NA;0;0;0;Bur Sa'id;3;Bur Sa'id--Egypt;cl1;Egypt;AF;c15;c19;b13;68771;81750;46460;2482540;196981;0.349125042516791;0.415014646082617;0.235860311400592;E : Minor increase and medium decrease;E;31.2565;322841;8
17;Busan--Republic of Korea;1163957_21757;1;1;Env. 2000;3;corr plain;amont urb;NA;0;0;0;Busan;0;Busan--Republic of Korea;cl2;Republic of Korea;AS;c10;c02;b04;38248;20612;106566;1973120;165426;0.231209120694449;0.124599518818082;0.644191360487469;D : Minor increase and minor decrease;D;35.1028;1290403;22
148;Butuan--Philippines;2377333_22090;0;1;NA;0;NA;NA;NA;0;0;0;Butuan;0;Butuan--Philippines;cl5;Philippines;AS;c18;c17;b01;9882;10328;12908;365525;33118;0.298387583791292;0.311854580590615;0.389757835618093;D : Minor increase and minor decrease;D;8.9492;1255436;5
206;CÃƒÆ’Ã‚Â³rdoba--Argentina;2885085_20059;1;1;Env. 1985;3;corr plain;amont urb aval;NA;16;2607304.69243;2.60730469243;Cordoba;1;CÃƒÂ³rdoba--Argentina;cl1;Argentina;SA;c12;c16;b08;5190;3884;22521;32198;31595;0.164266497863586;0.122930843487894;0.71280265864852;D : Minor increase and minor decrease;D;-31.4135;-641811;24
150;Cagayan de Oro City--Philippines;2391106_22093;1;1;Env. 2015;2;corr plain;amont urb;NA;0;0;0;Cagayan de Oro City;3;Cagayan de Oro City--Philippines;cl2;Philippines;AS;c13;c17;b01;2940;2046;2049;454993;7035;0.417910447761194;0.290831556503198;0.291257995735608;B : Medium increase and minor decrease;B;8.4822;1246472;9
163;Calabar--Nigeria;2485094_21982;0;1;NA;0;NA;NA;NA;0;0;0;Calabar;4;Calabar--Nigeria;cl2;Nigeria;AF;c18;c01;b01;4896;388;15850;71329;21134;0.231664616258162;0.0183590423015047;0.749976341440333;D : Minor increase and minor decrease;D;4.9517;8322;20
228;Calgary--Canada;374806_20370;1;1;Pre-1985;3;plain;amont urb aval;NA;22;6350543.72001;6.35054372001;Calgary;0;Calgary--Canada;cl2;Canada;AN;c08;c04;b08;63656;20400;72054;541117;156110;0.407763756325668;0.130677086669656;0.461559157004676;B : Medium increase and minor decrease;B;51.0441;-1140593;42
168;Cali--Colombia;2503195_20812;0;1;NA;0;NA;NA;NA;6;2351026.8284;2.3510268284;Cali;0;Cali--Colombia;cl2;Colombia;SA;c13;c17;b01;31112;25525;8770;118155;65407;0.475667741984803;0.390248750133778;0.134083507881419;B : Medium increase and minor decrease;B;3.4372;-765225;22
59;Changsha--China;1549180_20474;1;1;Env. 2010;4;corr plain;amont urb aval;NA;1;62908.95935;0.06290895935;NA;NA;NA;NA;NA;NA;NA;NA;NA;136959;82681;234603;2314373;454243;0.30151042503682;0.182019315652635;0.516470259310545;D : Minor increase and minor decrease;D;28.2274;1129383;27
130;Chanthaburi--Thailand;2250172_205936;1;1;Env. 1990;2;corr plain;amont;NA;0;0;0;Chanthaburi;0;Chanthaburi--Thailand;cl2;Thailand;AS;c18;c01;b01;11452;18428;18964;115757;48844;0.234460732126771;0.377282777823274;0.388256490049955;D : Minor increase and minor decrease;D;12.6094;1021044;5
243;Chi?in?u--Republic of Moldova;541791_21885;1;1;Pre-1984;2;plain;amont urb aval;NA;11;2054995.22788;2.05499522788;Chi?in?u;2;Chi?in?u--Republic of Moldova;cl1;Republic of Moldova;EU;c09;c16;b08;1679;2321;18670;23362;22670;0.0740626378473754;0.10238200264667;0.823555359505955;D : Minor increase and minor decrease;D;47.0056;288575;19
105;Chiang Rai--Thailand;1996142_205937;0;1;NA;0;NA;NA;NA;4;165501.71286;0.16550171286;Chiang Rai;0;Chiang Rai--Thailand;cl2;Thailand;AS;c13;c11;b01;2583;3228;932;23952;6743;0.383063918137328;0.478718671214593;0.138217410648079;E : Minor increase and medium decrease;E;19.9083;998325;6
278;Chicago--United States of America;799245_22956;1;0;Pre-1985;3;plain;amont urb;NA;58;39903954.37959;39.90395437959;Chicago;1;Chicago--United States of America;cl1;United States of America;AN;c10;c16;b08;191510;107155;275559;9694075;574224;0.333510964362339;0.186608361893616;0.479880673744044;D : Minor increase and minor decrease;D;41.85;-876501;60
194;Chitungwiza--Zimbabwe;2781171_22511;1;0;Env. 2005;2;corr plain;amont urb aval;NA;0;0;0;Chitungwiza;2;Chitungwiza--Zimbabwe;cl5;Zimbabwe;AF;c14;c03;b07;4069;3430;31045;39429;38544;0.105567662930677;0.0889892071398921;0.805443129929431;D : Minor increase and minor decrease;D;-18.0127;310756;8
275;Chongjin--Dem. People's Republic of Korea;784007_21713;1;1;Env. 2005;3;corr plain;amont urb;NA;0;0;0;Chongjin;0;Chongjin--Dem. People's Republic of Korea;cl2;Dem. People's Republic of Korea;AS;c08;c02;b04;5527;3421;2440;199444;11388;0.485335440814893;0.300403933965578;0.214260625219529;B : Medium increase and minor decrease;B;41.7956;1297758;8
152;Ciudad Bolivar--Venezuela (Bolivarian Republic of);2401005_23219;0;0;NA;0;NA;NA;NA;0;0;0;Ciudad Bolivar;0;Ciudad Bolivar--Venezuela (Bolivarian Republic of);cl2;Venezuela (Bolivarian Republic of);SA;c17;c13;b07;75899;38291;171712;1369628;285902;0.26547208484026;0.13393050765647;0.60059740750327;D : Minor increase and minor decrease;D;8.1292;-635409;10
199;Ciudad del Este--Paraguay;2840993_22066;0;1;NA;0;NA;NA;NA;8;548598.89242;0.54859889242;Ciudad del Este;0;Ciudad del Este--Paraguay;cl2;Paraguay;SA;c13;c17;b01;18926;37091;427847;3872060;483864;0.0391142965792041;0.0766558371773887;0.884229866243407;D : Minor increase and minor decrease;D;-25.5167;-546167;10
155;Colombo--Sri Lanka;2451315_20414;1;0;Pre-1985;3;corr plain;amont urb;NA;67;2653901.94353;2.65390194353;Colombo;12;Colombo--Sri Lanka;cl2;Sri Lanka;AS;c18;c16;b02;14889;8266;65080;2180483;88235;0.168742562475208;0.0936816456054854;0.737575791919306;D : Minor increase and minor decrease;D;6.9319;798478;22
26;Columbia. South Carolina--United States of America;1230559_22962;1;1;Pre-1985;3;plain;amont urb aval;NA;12;5242006.77749;5.24200677749;Columbia, South Carolina;0;Columbia, South Carolina--United States of America;cl2;United States of America;AN;c11;c04;b04;19136;14251;182831;509400;216218;0.0885032698480238;0.0659103312397673;0.845586398912209;D : Minor increase and minor decrease;D;33.9995;-810365;8
215;ConcepciÃƒÆ’Ã‚Â³n--Chile;2907533_205346;0;0;NA;0;NA;amont urb;NA;1;416421.94756;0.41642194756;Concepcion;2;ConcepciÃƒÂ³n--Chile;cl2;Chile;SA;c11;c03;b04;16245;23316;114679;747601;154240;0.105322873443983;0.151167012448133;0.743510114107884;D : Minor increase and minor decrease;D;-36.827;-730498;8
178;Cuenca--Ecuador;2593065_20900;0;1;NA;0;NA;NA;NA;5;280164.3783;0.2801643783;Cuenca;0;Cuenca--Ecuador;cl2;Ecuador;SA;c13;c01;b01;1151;735;111;2894;1997;0.57636454682023;0.368052078117176;0.0555833750625939;B : Medium increase and minor decrease;B;-2.8833;-789833;16
88;CuliacÃƒÆ’Ã‚Â¡n--Mexico;1749193_21838;1;1;Pre-1985;3;corr plain;amont urb aval;NA;0;0;0;Culiacan;2;CuliacÃƒÂ¡n--Mexico;cl2;Mexico;AN;c11;c04;b03;147979;6849;46409;286939;201237;0.735346879549983;0.0340344966382922;0.230618623811724;A : Major increase and minor decrease;A;24.7994;-1073897;20
146;Cumana--Venezuela (Bolivarian Republic of);2331142_23222;0;1;NA;0;NA;NA;NA;0;0;0;Cumana;3;Cumana--Venezuela (Bolivarian Republic of);cl2;Venezuela (Bolivarian Republic of);SA;c18;c01;b13;1548;576;11033;18414;13157;0.117656000608041;0.043778976970434;0.838565022421525;D : Minor increase and minor decrease;D;10.4635;-641775;6
8;Daejon--Republic of Korea;1087679_21764;0;1;NA;0;NA;NA;NA;0;0;0;Daejon;0;Daejon--Republic of Korea;cl2;Republic of Korea;AS;c11;c04;b04;13690;20701;47444;284034;81835;0.167287835278304;0.252960224842671;0.579751939879025;D : Minor increase and minor decrease;D;36.3214;1274197;19
34;Dallas-Fort Worth--United States of America;1302960_22966;1;0;Pre-1985;4;plain;amont urb aval;NA;10;9506024.7282;9.5060247282;Dallas-Fort Worth;1;Dallas-Fort Worth--United States of America;cl1;United States of America;AN;c12;c13;b08;335629;152695;480060;2345542;968384;0.346586684620977;0.157680217764854;0.49573309761417;D : Minor increase and minor decrease;D;32.7254;-973209;70
14;Deir El-Zor(Deir ez-Zor)--Syrian Arab Republic;1149258_22611;1;1;Env. 1997;3;corr plain;amont aval;NA;5;506645.30437;0.50664530437;Deir El-Zor(Deir ez-Zor);0;Deir El-Zor(Deir ez-Zor)--Syrian Arab Republic;cl1;Syrian Arab Republic;AS;c14;c19;b08;8645;30609;15913;380753;55167;0.156706001776424;0.554842568927076;0.2884514292965;E : Minor increase and medium decrease;E;35.3322;401502;9
58;Delhi--India;1534191_21228;1;0;Env. 2010;5;corr plain;amont urb aval;NA;2;630272.3831;0.6302723831;Delhi;1;Delhi--India;cl1;India;AS;c16;c16;b13;203763;254036;38116;1719907;495915;0.410882913402498;0.512257140840668;0.0768599457568333;C : Medium increase and medium decrease;C;28.6667;772167;83
286;Denver-Aurora--United States of America;907073_22972;1;0;Pre-1984;5;plain;urb aval;NA;16;6539724.97465;6.53972497465;Denver-Aurora;2;Denver-Aurora--United States of America;cl1;United States of America;AN;c09;c12;b08;43105;21323;52634;162426;117062;0.368223676342451;0.182151338606892;0.449624985050657;D : Minor increase and minor decrease;D;39.7343;-1049831;45
297;Diyarbakir--Turkey;986962_22677;1;1;Env. 1995;4;corr plain;amont urb aval;NA;4;508778.04187;0.50877804187;Diyarbakir;3;Diyarbakir--Turkey;cl2;Turkey;AS;c12;c16;b04;18218;6657;2310;153955;27185;0.67014897921648;0.24487768990252;0.0849733308810005;B : Medium increase and minor decrease;B;37.9158;402189;9
167;Douala--Cameroon;2496089_20362;1;0;Env. 2010;1;corr plain;amont urb;NA;1;286142.41833;0.28614241833;Douala;1;Douala--Cameroon;cl2;Cameroon;AF;c18;c01;b01;4525;4627;23524;163224;32676;0.138480842208349;0.141602399314482;0.71991675847717;D : Minor increase and minor decrease;D;4.0483;97043;10
42;Dujiangyan--China;1392291_23611;1;1;Env. 2000;3;corr;urb aval;NA;0;0;0;Dujiangyan;1;Dujiangyan--China;cl2;China;AS;c06;c04;b05;20820;2778;2454;46784;26052;0.799170888991248;0.106632888070014;0.0941962229387379;A : Major increase and minor decrease;A;30.9966;1036281;11
293;Dushanbe--Tajikistan;958580_22615;1;1;Env. 2010;4;corr plain;amont urb aval;NA;7;1716935.53878;1.71693553878;Dushanbe;0;Dushanbe--Tajikistan;cl1;Tajikistan;AS;c11;c13;b08;16890;19785;10431;209180;47106;0.358553050566807;0.420010189784741;0.221436759648452;E : Minor increase and medium decrease;E;38.5358;687791;21
212;East London (Buffalo City)--South Africa;2893380_22483;0;0;NA;0;NA;NA;NA;1;164644.07564;0.16464407564;East London (Buffalo City);0;East London (Buffalo City)--South Africa;cl1;South Africa;AF;c14;c03;b12;270;4409;8854;31529;13533;0.0199512303258701;0.325796201876894;0.654252567797236;D : Minor increase and minor decrease;D;-33.0153;279116;13
191;Edmonton--Canada;273952_20373;1;1;Pre-1985;2;corr plain;amont urb aval;NA;27;17365974.74526;17.36597474526;Edmonton;3;Edmonton--Canada;cl1;Canada;AN;c07;c16;b06;59308;42496;115172;690319;216976;0.273338986800383;0.195855762849347;0.530805250350269;D : Minor increase and minor decrease;D;53.5434;-1135037;28
85;English Bazar--India;1737015_21237;1;1;Env. 1990;3;corr plain;urb aval;NA;32;532845.89533;0.53284589533;English Bazar;1;English Bazar--India;cl2;India;AS;c18;c16;b01;37481;134187;27770;1384646;199438;0.187933091988488;0.672825640048536;0.139241267962976;E : Minor increase and medium decrease;E;25;8815;9
137;Erode--India;2298182_21238;1;0;Env. 2000;1;corr;aval;NA;3;2265798.65762;2.26579865762;Erode;4;Erode--India;cl2;India;AS;c17;c16;b02;27640;38562;53997;489127;120199;0.229951996272848;0.320817976855049;0.449230026872104;D : Minor increase and minor decrease;D;11.3428;777274;23
33;Esfahan--Iran (Islamic Republic of);1300291_21493;1;1;Env. 1995;2;plain;amont aval;NA;13;7989284.33784;7.98928433784;Esfahan;0;Esfahan--Iran (Islamic Republic of);cl2;Iran (Islamic Republic of);AS;c12;c19;b04;2849;8517;865;12269;12231;0.23293271196141;0.696345351974491;0.0707219360640994;E : Minor increase and medium decrease;E;32.6572;516776;30
27;FÃƒÆ’Ã‚Â¨s--Morocco;1230569_21893;0;1;NA;0;NA;NA;NA;2;179000.84743;0.17900084743;Fes;1;FÃƒÂ¨s--Morocco;cl1;Morocco;AF;c09;c12;b12;1961;29;1268;3574;3258;0.601903007980356;0.0089011663597299;0.389195825659914;B : Medium increase and minor decrease;B;34.0372;-49998;13
64;Farrukhabad--India;1584168_21242;0;1;NA;0;NA;NA;NA;0;0;0;Farrukhabad;0;Farrukhabad--India;cl2;India;AS;c18;c16;b01;77356;53340;11577;910439;142273;0.543715251664054;0.374913019336065;0.0813717289998805;B : Medium increase and minor decrease;B;27.3905;795801;8
242;Fujin--China;532183_20507;0;1;NA;0;NA;NA;NA;0;0;0;Fujin;0;Fujin--China;cl2;China;AS;c08;c16;b09;436019;118524;194632;4644279;749175;0.581998865418627;0.158206026629292;0.259795107952081;B : Medium increase and minor decrease;B;47.2485;1320373;12
273;Fushun. Liaoning--China;778772_20509;1;1;Pre-1984;5;corr plain;amont urb aval;NA;5;15319301.36976;15.31930136976;Fushun, Liaoning;0;Fushun, Liaoning--China;cl2;China;AS;c10;c02;b04;98930;47949;129893;719541;276772;0.357442226814851;0.173243680719148;0.469314092466001;D : Minor increase and minor decrease;D;41.8807;1239467;32
61;Fuzhou. Jiangxi--China;1556836_20514;1;0;Env. 2000;5;corr plain;amont urb aval;NA;0;0;0;Fuzhou, Jiangxi;2;Fuzhou, Jiangxi--China;cl2;China;AS;c14;c04;b01;25770;26602;25397;544307;77769;0.33136596844501;0.342064318687395;0.326569712867595;D : Minor increase and minor decrease;D;27.9812;1163557;9
245;GenÃƒÆ’Ã‚Â¨ve--Switzerland;575953_22602;1;1;Pre-1985;2;corr plain;amont urb aval;0;31;1890148.67435;1.89014867435;Geneve;3;GenÃƒÂ¨ve--Switzerland;cl2;Switzerland;EU;c10;c02;b04;2755;2719;4591;84830;10065;0.273720814704421;0.270144063586687;0.456135121708892;D : Minor increase and minor decrease;D;46.2022;61457;14
266;Grand Rapids--United States of America;731732_23002;1;1;Pre-1985;3;plain;amont urb aval;NA;16;3808373.42263;3.80837342263;Grand Rapids;1;Grand Rapids--United States of America;cl2;United States of America;AN;c08;c16;b04;32004;22519;31243;994427;85766;0.373154863232516;0.262563253503719;0.364281883263764;D : Minor increase and minor decrease;D;42.9564;-856649;31
253;Grenoble--France;624587_20963;1;1;Pre-1985;2;plain;amont urb aval;NA;41;3742584.29592;3.74258429592;Grenoble;4;Grenoble--France;cl1;France;EU;c07;c02;b05;12467;5332;22238;49006;40037;0.311386967055474;0.133176811449409;0.555436221495117;D : Minor increase and minor decrease;D;45.1667;57167;17
176;Guayaquil--Ecuador;2582250_20903;1;1;Env. 2010;1;plain;amont urb aval;NA;7;1180371.91332;1.18037191332;Guayaquil;1;Guayaquil--Ecuador;cl2;Ecuador;SA;c18;c17;b02;1099574;283672;1846466;19080813;3229712;0.340455743422324;0.0878319800650956;0.571712276512581;D : Minor increase and minor decrease;D;-2.1667;-799;20
72;Guwahati (Gauhati)--India;1664946_21261;1;1;Env. 1990;2;corr plain;amont urb aval;NA;121;5182959.15382;5.18295915382;Guwahati (Gauhati);0;Guwahati (Gauhati)--India;cl2;India;AS;c13;c16;b01;912350;815966;307981;11668903;2036297;0.448043679286469;0.400710701827877;0.151245618885654;C : Medium increase and medium decrease;C;26.1735;917503;24
16;Hamah--Syrian Arab Republic;1163725_22612;0;0;NA;0;NA;NA;NA;0;0;0;Hamah;0;Hamah--Syrian Arab Republic;cl1;Syrian Arab Republic;AS;c12;c14;b12;1290;312;224;1851;1826;0.706462212486309;0.170865279299014;0.122672508214677;A : Major increase and minor decrease;A;35.1318;367578;8
284;Hamhung--Dem. People's Republic of Korea;891417_21715;1;1;Env. 2015;2;corr plain;amont urb;NA;1;986.81641;0.00098681641;Hamhung;0;Hamhung--Dem. People's Republic of Korea;cl2;Dem. People's Republic of Korea;AS;c10;c02;b04;16569;9721;15843;265614;42133;0.393254693470676;0.230721762039257;0.376023544490067;D : Minor increase and minor decrease;D;39.9183;1275364;15
30;Hanzhong--China;1275047_20525;1;1;Env. 2000;3;corr;amont urb aval;NA;0;0;0;Hanzhong;5;Hanzhong--China;cl2;China;AS;c11;c02;b04;27221;26560;10170;249216;63951;0.425654016356273;0.415317977826774;0.159028005816954;C : Medium increase and medium decrease;C;33.0728;1070303;15
142;Ho Chi Minh City--Viet Nam;2325638_22458;1;0;Env. 2000;4;corr plain;amont urb aval;NA;0;0;0;Ho Chi Minh City;10;Ho Chi Minh City--Viet Nam;cl2;Viet Nam;AS;c18;c16;b02;359441;230754;811444;22867785;1401639;0.256443349535793;0.164631549207749;0.578925101256458;D : Minor increase and minor decrease;D;10.75;1066667;46
54;Houston--United States of America;1481922_23014;1;1;Pre-1984;1;plain;amont urb;NA;13;5061276.99378;5.06127699378;Houston;1;Houston--United States of America;cl2;United States of America;AN;c14;c04;b07;202750;110383;128759;4887050;441892;0.458822517719262;0.249796330325057;0.291381151955681;B : Medium increase and minor decrease;B;29.7602;-953694;46
28;Huaibei--China;1235024_20544;1;1;Env. 2000;1;plain;urb aval;NA;0;0;0;Huaibei;0;Huaibei--China;cl2;China;AS;c11;c16;b04;43882;10787;8317;93481;62986;0.696694503540469;0.171260280062236;0.132045216397295;B : Medium increase and minor decrease;B;33.9549;1167929;29
63;Huaihua--China;1576823_20545;1;1;Env. 2000;2;corr plain;urb aval;NA;0;0;0;Huaihua;1;Huaihua--China;cl2;China;AS;c11;c04;b01;7437;7272;3685;85466;18394;0.404316624986409;0.395346308578884;0.200337066434707;B : Medium increase and minor decrease;B;27.5494;1099592;9
189;Huancayo--Peru;2734516_22073;1;0;Env. 2005;4;corr;amont urb aval;NA;0;0;0;Huancayo;0;Huancayo--Peru;cl2;Peru;SA;c07;c13;b01;6691;5535;1855;82904;14081;0.475179319650593;0.393082877636531;0.131737802712875;B : Medium increase and minor decrease;B;-12.0667;-752333;6
117;Hue--Viet Nam;2120244_23366;1;1;Env. 1990;1;corr plain;amont urb;NA;3;203633.19269;0.20363319269;Hue;0;Hue--Viet Nam;cl2;Viet Nam;AS;c13;c01;b01;17503;2562;8572;206420;28637;0.611202290742745;0.0894646785626986;0.299333030694556;B : Medium increase and minor decrease;B;16.4667;1076;12
99;Huizhou--China;1853500_20553;1;1;Env. 2005;4;corr plain;amont urb aval;NA;3;191129.70541;0.19112970541;Huizhou;4;Huizhou--China;cl2;China;AS;c13;c16;b01;59792;37939;63639;652767;161370;0.370527359484415;0.235105657805044;0.394366982710541;D : Minor increase and minor decrease;D;23.0833;1144;13
21;Huntsville--United States of America;1190263_23016;1;1;Pre-1985;4;corr plain;amont urb aval;NA;25;21277548.38783;21.27754838783;NA;NA;NA;NA;NA;NA;NA;NA;NA;75553;17459;37294;300273;130306;0.579812134514144;0.133984620815619;0.286203244670238;B : Medium increase and minor decrease;B;34.7297;-865898;far
151;Iligan--Philippines;2397829_22101;1;1;Env. 2000;3;corr;amont urb;NA;0;0;0;Iligan;3;Iligan--Philippines;cl2;Philippines;AS;c13;c17;b01;1641;3562;695;782731;5898;0.27822990844354;0.603933536792133;0.117836554764327;E : Minor increase and medium decrease;E;8.2274;1242426;4
91;Imphal--India;1757116_21277;1;1;Env. 2010;3;corr plain;amont aval;NA;0;0;0;Imphal;1;Imphal--India;cl2;India;AS;c13;c11;b01;270560;107614;65718;926661;443892;0.609517630414605;0.242432844025123;0.148049525560271;B : Medium increase and minor decrease;B;24.8167;9395;31
6;Ji'nan. Shandong--China;1073035_20567;0;1;NA;0;NA;NA;NA;0;0;0;Ji'nan, Shandong;0;Ji'nan, Shandong--China;cl2;China;AS;c11;c16;b04;475206;178790;123643;3964505;777639;0.61108817844784;0.229913880348079;0.158997941204081;B : Medium increase and minor decrease;B;36.6767;1169971;58
52;Jiujiang--China;1470346_20578;1;1;///;2;corr plain;amont urb aval;NA;21;7254400.34843;7.25440034843;Jiujiang;4;Jiujiang--China;cl2;China;AS;c14;c11;b04;515385;697869;1390936;9197919;2604190;0.197906066761642;0.267979294905518;0.534114638332841;D : Minor increase and minor decrease;D;29.7041;1160013;23
23;KÃƒÆ’Ã‚Â©nitra--Morocco;1215342_21894;1;1;Env. 1990;2;corr plain;urb;NA;1;22786.91183;0.02278691183;Kenitra;0;Kenitra--Morocco;cl2;Morocco;AF;c14;c02;b12;42699;5324;21874;3257963;69897;0.610884587321344;0.0761692204243387;0.312946192254317;B : Medium increase and minor decrease;B;34.261;-65802;14
229;KÃƒÆ’Ã‚Â¶ln (Cologne)--Germany;376348_204358;1;0;Pre-1984;3;plain;amont urb aval;NA;160;26622427.73897;26.62242773897;Koln (Cologne);3;KÃƒÂ¶ln (Cologne)--Germany;cl2;Germany;EU;c10;c16;b04;85342;57276;266806;1868128;409424;0.208444057993669;0.139894095118996;0.651661846887334;D : Minor increase and minor decrease;D;50.9333;695;37
67;Kaili--China;1637903_20582;0;1;NA;0;NA;NA;NA;16;1197501.23531;1.19750123531;Kaili;2;Kaili--China;cl2;China;AS;c11;c11;b01;3086;3798;1972;12721;8856;0.348464317976513;0.428861788617886;0.222673893405601;E : Minor increase and medium decrease;E;26.5834;1079719;13
147;Kaluga--Russian Federation;237343_22262;1;1;Pre-1984;3;plain;amont aval;NA;13;3025339.99559;3.02533999559;Kaluga;2;Kaluga--Russian Federation;cl1;Russian Federation;EU;c07;c02;b04;10895;13030;26936;161531;50861;0.214211281728633;0.256188435146773;0.529600283124595;D : Minor increase and minor decrease;D;54.5293;362754;9
290;Kansas City--United States of America;942330_23028;1;1;Pre-1984;2;plain;amont urb aval;NA;15;6089199.11221;6.08919911221;Kansas City;4;Kansas City--United States of America;cl1;United States of America;AN;c11;c16;b08;369577;104608;80859;2720381;555044;0.665851716260332;0.188467941280331;0.145680342459337;B : Medium increase and minor decrease;B;39.1142;-946275;35
87;Karachi--Pakistan;1749124_22044;1;1;Env. 2000;4;corr plain;amont urb;NA;11;1017591.77439;1.01759177439;Karachi;5;Karachi--Pakistan;cl1;Pakistan;AS;c16;c12;b13;9700;19607;34239;448485;63546;0.152645327794039;0.308548138356466;0.538806533849495;D : Minor increase and minor decrease;D;24.9056;670822;21
138;Karur--India;2310333_21300;1;0;Env. 2010;1;corr;amont urb aval;NA;1;107813.57694;0.10781357694;Karur;3;Karur--India;cl2;India;AS;c17;c16;b02;2723;4359;868;30780;7950;0.34251572327044;0.548301886792453;0.109182389937107;E : Minor increase and medium decrease;E;10.9577;78081;10
237;Khabarovsk--Russian Federation;480306_22268;1;1;Env. 2000;1;plain;amont aval;NA;12;1244254.1085;1.2442541085;Khabarovsk;0;Khabarovsk--Russian Federation;cl1;Russian Federation;AS;c08;c13;b09;4109426;561626;1272482;47545081;5943534;0.691411204175832;0.0944936127226663;0.214095183101502;B : Medium increase and minor decrease;B;48.4827;1350838;23
113;Khammam--India;2090710_21302;0;1;NA;0;NA;NA;NA;0;0;0;Khammam;3;Khammam--India;cl2;India;AS;c17;c16;b02;3500;2111;719;7624;6330;0.552922590837283;0.33349131121643;0.113586097946288;B : Medium increase and minor decrease;B;17.25;8015;6
175;Kigali--Rwanda;2577629_22404;0;1;NA;0;NA;NA;NA;0;0;0;Kigali;5;Kigali--Rwanda;cl2;Rwanda;AF;c14;c16;b01;2044;252;32;3052;2328;0.878006872852234;0.108247422680412;0.013745704467354;A : Major increase and minor decrease;A;-1.9474;300579;5
181;Kinshasa--Democratic Republic of the Congo;2621257_20853;1;1;Env. 2000;3;corr plain;urb aval;NA;13;3386375.70628;3.38637570628;Kinshasa;0;Kinshasa--Democratic Republic of the Congo;cl5;Democratic Republic of the Congo;AF;c18;c01;b07;35949;26080;306444;1127341;368473;0.0975621008866321;0.0707785916471492;0.831659307466219;D : Minor increase and minor decrease;D;-4.3276;153136;23
170;Kisangani--Democratic Republic of the Congo;2539024_20854;1;1;Env. 2010;1;plain;amont urb;NA;2;222578.13028;0.22257813028;Kisangani;0;Kisangani--Democratic Republic of the Congo;cl2;Democratic Republic of the Congo;AF;c18;c01;b01;11837;12220;92552;618181;116609;0.101510175029372;0.104794655644076;0.793695169326553;D : Minor increase and minor decrease;D;0.5167;252;13
261;Kitchener-Cambrigde-Waterloo--Canada;703193_20381;1;0;Pre-1985;2;plain;amont urb aval;NA;44;6239113.27615;6.23911327615;Kitchener-Cambrigde-Waterloo;0;Kitchener-Cambrigde-Waterloo--Canada;cl2;Canada;AN;c07;c16;b04;9496;4985;3904;36196;18385;0.51650802284471;0.271144955126462;0.212347022028828;B : Medium increase and minor decrease;B;43.4254;-805112;17
13;Knoxville--United States of America;1112362_23032;1;1;Pre-1985;2;plain;amont urb;NA;17;5637043.75562;5.63704375562;Knoxville;1;Knoxville--United States of America;cl2;United States of America;AN;c11;c06;b04;73081;19532;303592;1725522;396205;0.184452493027599;0.049297712043008;0.766249794929393;D : Minor increase and minor decrease;D;35.9607;-839277;24
116;Kolhapur--India;2111986_21307;0;1;NA;0;NA;NA;NA;0;0;0;Kolhapur;0;Kolhapur--India;cl2;India;AS;c18;c16;b13;14817;7663;7473;31704;29953;0.49467499081895;0.255834140152906;0.249490869028144;B : Medium increase and minor decrease;B;16.6956;742317;22
83;Kota--India;1728459_21310;1;1;Env. 2000;2;corr plain;urb aval;NA;0;0;0;Kota;0;Kota--India;cl2;India;AS;c18;c16;b02;5608;26212;13505;145774;45325;0.123728626585769;0.578312189740761;0.297959183673469;E : Minor increase and medium decrease;E;25.1665;758561;16
161;Kuala Terengganu--Malaysia;2478767_21809;1;1;Env. 2000;2;corr plain;amont urb;NA;0;0;0;Kuala Terengganu;0;Kuala Terengganu--Malaysia;cl2;Malaysia;AS;c18;c01;b01;2941;4338;15071;187236;22350;0.13158836689038;0.194093959731544;0.674317673378076;D : Minor increase and minor decrease;D;5.3302;1031408;11
169;Kuching--Malaysia;2525061_206412;0;1;NA;0;NA;NA;NA;0;0;0;Kuching;0;Kuching--Malaysia;cl5;Malaysia;AS;c18;c17;b01;14763;4357;31630;399503;50750;0.290896551724138;0.0858522167487685;0.623251231527094;D : Minor increase and minor decrease;D;1.55;1103333;18
31;Kumamoto--Japan;1292597_21633;0;0;NA;0;NA;NA;NA;3;160930.09664;0.16093009664;Kumamoto;0;Kumamoto--Japan;cl2;Japan;AS;c11;c04;b04;1996;1313;3683;21875;6992;0.285469107551487;0.187786041189931;0.526744851258581;D : Minor increase and minor decrease;D;32.7897;1307417;24
35;Kut--Iraq;1304773_21535;1;1;Env. 1990;1;corr plain;amont urb aval;NA;1;4282907.19291;4.28290719291;Kut;3;Kut--Iraq;cl1;Iraq;AS;c15;c18;b13;102753;117701;53664;665273;274118;0.374849517361136;0.429380777621316;0.195769705017547;E : Minor increase and medium decrease;E;32.5;458333;12
232;Kyiv (Kiev)--Ukraine;397434_22765;1;1;Env. 1985;2;corr plain;amont urb aval;NA;12;653637.3399;0.6536373399;Kyiv (Kiev);0;Kyiv (Kiev)--Ukraine;cl2;Ukraine;EU;c08;c16;b04;71704;395255;1766018;10770715;2232977;0.0321113921012173;0.177008092783759;0.790880515115024;D : Minor increase and minor decrease;D;50.4454;305186;29
204;La Serena-Coquimbo--Chile;2878020_206161;1;1;Env. 1995-2000;4;corr plain;amont urb;NA;2;169951.86679;0.16995186679;La Serena-Coquimbo;5;La Serena-Coquimbo--Chile;cl1;Chile;SA;c11;c12;b12;964;60;2652;141399;3676;0.262241566920566;0.0163220892274211;0.721436343852013;D : Minor increase and minor decrease;D;-29.9045;-712489;5
47;Lafayette--United States of America;1440693_23034;0;1;NA;0;NA;NA;NA;0;0;0;Lafayette;0;Lafayette--United States of America;cl2;United States of America;AN;c14;c16;b04;490063;350460;531959;4533861;1372482;0.357063334892552;0.255347611116211;0.387589053991236;D : Minor increase and minor decrease;D;30.2242;-920197;17
110;Lampang--Thailand;2055863_204121;1;1;Env. 1990;2;corr plain;amont urb aval;NA;0;0;0;Lampang;0;Lampang--Thailand;cl2;Thailand;AS;c18;c02;b01;4033;1485;1706;8167;7224;0.55827796234773;0.205564784053156;0.236157253599114;B : Medium increase and minor decrease;B;18.2923;994928;14
287;Langfang--China;910909_20591;0;0;NA;0;NA;NA;NA;1;133267.69261;0.13326769261;Langfang;2;Langfang--China;cl2;China;AS;c11;c16;b04;24071;11853;16448;408664;52372;0.459615825250134;0.226323226151379;0.314060948598488;B : Medium increase and minor decrease;B;39.5097;1166947;10
62;Lengshuijiang--China;1570090_20595;1;1;Env. 2005;3;corr plain;amont urb aval;NA;0;0;0;Lengshuijiang;0;Lengshuijiang--China;cl2;China;AS;c14;c04;b01;2798;5736;5583;56389;14117;0.198200750867748;0.406318622936885;0.395480626195367;E : Minor increase and medium decrease;E;27.6879;1114374;3
231;LiÃƒÆ’Ã‚Â¨ge--Belgium;388243_20148;1;0;Pre-1985;4;plain;amont urb aval;NA;86;19976414.40596;19.97641440596;Liege;11;LiÃƒÂ¨ge--Belgium;cl2;Belgium;EU;c10;c16;b04;37928;20983;64823;327353;123734;0.306528520859263;0.169581521651284;0.523889957489453;D : Minor increase and minor decrease;D;50.6337;55675;28
192;Lilongwe--Malawi;2749534_21799;0;0;NA;0;NA;NA;NA;1;59850.37005;0.05985037005;Lilongwe;0;Lilongwe--Malawi;cl5;Malawi;AF;c14;c16;b07;2536;553;1921;5008;5010;0.506187624750499;0.110379241516966;0.383433133732535;B : Medium increase and minor decrease;B;-13.9669;337873;8
18;Linyi. Shandong--China;1172834_20604;1;1;Env. 1998;5;corr plain;amont urb aval;NA;3;1259464.67225;1.25946467225;Linyi, Shandong;0;Linyi, Shandong--China;cl2;China;AS;c11;c16;b04;262928;49489;65561;1384246;377978;0.695617205234167;0.130930900740255;0.173451894025578;B : Medium increase and minor decrease;B;35.0541;1183334;35
20;Little Rock--United States of America;1186175_23049;1;1;Pre-1985;2;corr plain;amont aval;NA;5;2748617.88076;2.74861788076;Little Rock;1;Little Rock--United States of America;cl2;United States of America;AN;c11;c16;b04;86798;57687;137797;1197737;282282;0.307486839401733;0.204359470316917;0.48815369028135;D : Minor increase and minor decrease;D;34.742;-922754;18
153;Lokoja--Nigeria;2410762_206383;0;1;NA;0;NA;NA;NA;1;20802.23329;0.02080223329;Lokoja;0;Lokoja--Nigeria;cl5;Nigeria;AF;c18;c03;b07;79084;33517;59348;1000260;171949;0.459927071399078;0.194924076324957;0.345148852275966;B : Medium increase and minor decrease;B;7.8024;6743;11
265;London-2-Canada;728401_20382;1;0;Pre-1985;1;plain;amont aval;NA;37;8192261.52375;8.19226152375;London;0;London-2-Canada;cl2;Canada;AN;c07;c16;b04;13429;5279;8560;57567;27268;0.492482030218571;0.193596890127622;0.313921079653807;B : Medium increase and minor decrease;B;42.9834;-81233;15
123;Lop Buri--Thailand;2174769_205943;0;0;NA;0;NA;NA;NA;0;0;0;Lop Buri;0;Lop Buri--Thailand;cl2;Thailand;AS;c17;c16;b02;303463;34546;16884;713720;354893;0.855083081379458;0.0973420157624974;0.0475749028580445;A : Major increase and minor decrease;A;14.7981;100654;5
1;Lvliang--China;1009136_205666;1;1;Env. 2000;2;corr plain;amont urb aval;NA;1;221470.15514;0.22147015514;Lvliang;0;Lvliang--China;cl2;China;AS;c08;c16;b04;2990;1355;498;4904;4843;0.617385917819533;0.279785257072063;0.102828825108404;B : Medium increase and minor decrease;B;37.5195;1111318;11
249;Lyon--France;596477_20972;1;0;Pre-1985;2;plain;amont aval;NA;36;4538855.2078;4.5388552078;Lyon;4;Lyon--France;cl2;France;EU;c10;c16;b04;23194;10982;72531;476119;106707;0.217361560160064;0.102917334382936;0.679721105456999;D : Minor increase and minor decrease;D;45.7485;48467;20
239;MÃƒÆ’Ã‚Â¼nchen (Munich)--Germany;493536_204371;1;0;Pre-1985;3;plain;amont urb aval;NA;26;3237407.47509;3.23740747509;Munchen (Munich);0;MÃƒÂ¼nchen (Munich)--Germany;cl2;Germany;EU;c07;c16;b04;11007;1978;4211;27675;17196;0.640090718771807;0.115026750407071;0.244882530821121;B : Medium increase and minor decrease;B;48.1371;115734;20
134;Managua--Nicaragua;2271506_21967;1;1;Env. 2005;1;plain;urb;NA;10;464027.08177;0.46402708177;Managua;4;Managua--Nicaragua;cl2;Nicaragua;AN;c17;c16;b02;119593;20159;1360744;4569863;1500496;0.0797023117689084;0.0134348908627547;0.906862797368337;D : Minor increase and minor decrease;D;12.1328;-862504;22
180;Manaus--Brazil;2596948_20244;1;1;Pre-1985;2;plain;urb;NA;0;0;0;Manaus;0;Manaus--Brazil;cl2;Brazil;SA;c18;c01;b01;408773;267826;1491700;14542174;2168299;0.18852243163881;0.12351894272884;0.687958625632351;D : Minor increase and minor decrease;D;-3.1019;-60025;24
101;Mandalay--Myanmar;1913384_20333;1;1;Env. 2010;2;corr plain;amont urb;NA;25;1479190.93535;1.47919093535;Mandalay;3;Mandalay--Myanmar;cl2;Myanmar;AS;c18;c02;b01;525473;747603;405132;10193112;1678208;0.313115537525742;0.445476961139501;0.241407501334757;E : Minor increase and medium decrease;E;21.9747;960836;31
129;Mangalore--India;2243083_21328;1;0;Env. 2000;4;corr plain;amont urb;NA;3;164524.87605;0.16452487605;Mangalore;2;Mangalore--India;cl2;India;AS;c18;c01;b01;14653;8495;20164;574324;43312;0.338312707794607;0.196135020317695;0.465552271887699;D : Minor increase and minor decrease;D;12.9172;74856;12
292;Manisa--Turkey;952054_22709;0;0;NA;0;NA;NA;NA;4;2854183.61924;2.85418361924;Manisa;3;Manisa--Turkey;cl1;Turkey;AS;c11;c16;b12;2997;4744;381;10643;8122;0.368997783797094;0.584092588032504;0.0469096281704014;E : Minor increase and medium decrease;E;38.612;274265;15
200;Matola--Mozambique;2845088_21911;1;1;Env. 1990;3;corr plain;amont urb;NA;9;1392295.18528;1.39229518528;Matola;0;Matola--Mozambique;cl2;Mozambique;AF;c13;c03;b01;195747;47105;167811;10369436;410663;0.476660911745154;0.114704757915858;0.408634330338988;B : Medium increase and minor decrease;B;-25.9622;324589;15
74;Maunath Bhanjan--India;1678145_21330;0;1;NA;0;NA;NA;NA;0;0;0;Maunath Bhanjan;0;Maunath Bhanjan--India;cl2;India;AS;c18;c16;b01;6993;8439;373;26238;15805;0.442454919329326;0.53394495412844;0.0236001265422335;C : Medium increase and medium decrease;C;25.9475;83559;7
171;Mbandaka--Democratic Republic of the Congo;2547366_20858;0;0;NA;0;NA;NA;NA;1;60389.36995;0.06038936995;Mbandaka;1;Mbandaka--Democratic Republic of the Congo;cl2;Democratic Republic of the Congo;AF;c18;c01;b01;13594;10797;89041;428852;113432;0.119842725156922;0.0951847803089075;0.78497249453417;D : Minor increase and minor decrease;D;0.0487;182603;7
71;McAllen--United States of America;1660332_23061;1;1;Pre-1985;2;plain;amont urb aval;NA;2;804626.89591;0.80462689591;McAllen;0;McAllen--United States of America;cl2;United States of America;AN;c13;c13;b07;364696;107044;59796;1438615;531536;0.686117215014599;0.20138617139761;0.112496613587791;B : Medium increase and minor decrease;B;26.2163;-982364;27
55;Meerut--India;1509979_21332;1;1;Env. 2015;1;plain;amont urb aval;NA;0;0;0;Meerut;1;Meerut--India;cl2;India;AS;c18;c16;b01;335;346;54;735;735;0.45578231292517;0.470748299319728;0.073469387755102;C : Medium increase and medium decrease;C;28.9716;777193;25
216;Melbourne--Australia;2911545_206168;0;0;NA;0;NA;NA;NA;21;7393611.00235;7.39361100235;Melbourne;0;Melbourne--Australia;cl2;Australia;OC;c11;c01;b04;16810;7779;27094;1813203;51683;0.32525201710427;0.150513708569549;0.524234274326181;D : Minor increase and minor decrease;D;-37.814;1449633;39
149;Merida--Venezuela (Bolivarian Republic of);2388775_23229;0;1;NA;0;NA;NA;NA;0;0;0;Merida;0;Merida--Venezuela (Bolivarian Republic of);cl2;Venezuela (Bolivarian Republic of);SA;c17;c01;b01;98;868;24;990;990;0.098989898989899;0.876767676767677;0.0242424242424242;F : Minor increase and major decrease;F;8.5952;-711434;19
111;MinatitlÃƒÆ’Ã‚Â¡n--Mexico;2067223_206420;0;1;NA;0;NA;NA;NA;0;0;0;Minatitlan;0;MinatitlÃƒÂ¡n--Mexico;cl2;Mexico;AN;c18;c16;b01;57599;64553;47187;695603;169339;0.340140192158924;0.381205747051772;0.278654060789304;D : Minor increase and minor decrease;D;18.0013;-945581;9
174;Mogilev--Belarus;257092_20349;1;1;Env. 1985;3;plain;amont urb aval;NA;3;2220881.69994;2.22088169994;Mogilev;0;Mogilev--Belarus;cl2;Belarus;EU;c07;c13;b04;5706;18529;9490;103619;33725;0.169191994069681;0.54941438102298;0.281393624907339;E : Minor increase and medium decrease;E;53.9141;303376;10
251;MontrÃƒÆ’Ã‚Â©al--Canada;612724_20384;1;0;Pre-1985;2;plain;amont urb aval;NA;158;29410555.39592;29.41055539592;Montreal;0;Montreal--Canada;cl2;Canada;AN;c07;c06;b04;228745;130050;2149306;19503274;2508101;0.0912024675242345;0.0518519788477418;0.856945553628024;D : Minor increase and minor decrease;D;45.5088;-735878;51
106;Morelia--Mexico;2003256_21856;0;1;NA;0;NA;NA;NA;4;278643.55114;0.27864355114;Morelia;0;Morelia--Mexico;cl2;Mexico;AN;c11;c04;b03;1101;1609;5868;8686;8578;0.128351597108883;0.187572860806715;0.684075542084402;D : Minor increase and minor decrease;D;19.7008;-1011844;13
256;Mudanjiang--China;653080_20621;1;1;Pre-1985;4;corr plain;amont urb aval;NA;1;71840.18098;0.07184018098;Mudanjiang;0;Mudanjiang--China;cl2;China;AS;c08;c02;b04;33005;14149;37083;313872;84237;0.391811199354203;0.167966570509396;0.440222230136401;D : Minor increase and minor decrease;D;44.5833;1296;17
73;Muzaffarpur--India;1672059_21342;1;1;Env. 2005;2;plain;amont urb aval;NA;0;0;0;Muzaffarpur;0;Muzaffarpur--India;cl2;India;AS;c18;c16;b01;97560;87065;10704;832336;195329;0.499465005196361;0.44573514429501;0.054799850508629;C : Medium increase and medium decrease;C;26.1167;854;19
90;Mymensingh--Bangladesh;1754396_20126;1;1;Env. 2000-2005;4;corr plain;amont urb aval;NA;1;96.75459;9.675459e-05;Mymensingh;2;Mymensingh--Bangladesh;cl2;Bangladesh;AS;c18;c16;b01;117214;165165;19458;4572101;301837;0.388335426074338;0.547199316187214;0.0644652577384482;E : Minor increase and medium decrease;E;24.75;904;29
4;Nagano--Japan;1069267_21645;0;0;NA;0;NA;NA;NA;1;52236.36729;0.05223636729;Nagano;1;Nagano--Japan;cl2;Japan;AS;c10;c04;b04;17717;16051;9572;212577;43340;0.408790955237656;0.370350715274573;0.220858329487771;B : Medium increase and minor decrease;B;36.6514;1381811;20
122;Nakhon Ratchasima--Thailand;2168728_22621;1;1;Env. 1990;3;plain;amont aval;NA;1;181231.25092;0.18123125092;Nakhon Ratchasima;0;Nakhon Ratchasima--Thailand;cl2;Thailand;AS;c18;c16;b02;16532;5828;1348;24938;23708;0.697317361228277;0.245824194364771;0.0568584444069512;B : Medium increase and minor decrease;B;14.9707;102102;15
108;Nanded Waghala--India;2024763_21348;0;1;NA;0;NA;NA;NA;1;186202.50322;0.18620250322;Nanded Waghala;1;Nanded Waghala--India;cl2;India;AS;c17;c16;b02;8072;3249;8515;101660;19836;0.406936882435975;0.163793103448276;0.429270014115749;B : Medium increase and minor decrease;B;19.1618;773137;8
37;Nanjing. Jiangsu--China;1343065_20625;0;1;NA;0;NA;NA;NA;8;3093504.4517;3.0935044517;Nanjing, Jiangsu;5;Nanjing, Jiangsu--China;cl2;China;AS;c11;c04;b04;392515;506042;1050954;7721314;1949511;0.201340233525228;0.259573811073649;0.539085955401124;D : Minor increase and minor decrease;D;32.0482;1187898;50
41;Nasiriyah--Iraq;1387992_21538;1;1;Env. 1990-1995;2;corr plain;amont urb aval;NA;0;0;0;Nasiriyah;1;Nasiriyah--Iraq;cl1;Iraq;AS;c16;c14;b13;103158;120591;19775;1814635;243524;0.423605065619816;0.49519143903681;0.0812034953433748;C : Medium increase and medium decrease;C;31.0333;462667;12
102;Navsari--India;1953712_21351;1;1;Env. 2010;3;corr plain;amont urb aval;NA;0;0;0;Navsari;2;Navsari--India;cl2;India;AS;c18;c16;b01;26411;11089;10802;119808;48302;0.546788952838392;0.229576415055277;0.223634632106331;B : Medium increase and minor decrease;B;20.9485;729308;10
133;N'DjamÃƒÆ’Ã‚Â©na--Chad;2271498_20420;1;1;Env. 2000;3;corr plain;amont urb;NA;11;190122.86644;0.19012286644;N'Djamena;0;N'Djamena--Chad;cl2;Chad;AF;c17;c16;b07;157996;37079;31227;975291;226302;0.698164399784359;0.163847425122182;0.137988175093459;B : Medium increase and minor decrease;B;12.1067;150444;19
124;Nellore--India;2186806_21352;1;1;Env. 2005;4;corr plain;amont urb aval;NA;0;0;0;Nellore;5;Nellore--India;cl2;India;AS;c17;c16;b13;36977;17082;4742;364988;58801;0.628849849492356;0.290505263515927;0.0806448869917178;B : Medium increase and minor decrease;B;14.4463;799842;9
219;NeuquÃƒÆ’Ã‚Â©n-Plottier-Cipolletti--Argentina;2913022_20070;1;1;Pre-1985;2;plain;amont urb;NA;1;225243.89579;0.22524389579;Neuquen-Plottier-Cipolletti;1;Neuquen-Plottier-Cipolletti--Argentina;cl1;Argentina;SA;c11;c14;b08;13740;13256;14506;250463;41502;0.331068382246639;0.319406293672594;0.349525324080767;D : Minor increase and minor decrease;D;-38.9514;-680648;11
210;Newcastle-Maitland--Australia;2893099_206177;0;0;NA;0;NA;NA;NA;1;104857.18033;0.10485718033;Newcastle-Maitland;0;Newcastle-Maitland--Australia;cl2;Australia;OC;c11;c01;b04;19634;12223;76316;905121;108173;0.181505551292836;0.112994924796391;0.705499523910773;D : Minor increase and minor decrease;D;-32.9249;1517409;10
132;Nha Trang--Viet Nam;2266066_23370;1;1;Env. 2000;4;corr plain;amont urb;NA;1;222264.31594;0.22226431594;Nha Trang;0;Nha Trang--Viet Nam;cl2;Viet Nam;AS;c18;c16;b02;10380;4516;5100;113877;19996;0.519103820764153;0.225845169033807;0.25505101020204;B : Medium increase and minor decrease;B;12.25;1091833;18
127;Niamey--Niger;2219915_21972;1;1;Env. 2010;3;plain;amont urb aval;NA;13;1521459.86126;1.52145986126;Niamey;2;Niamey--Niger;cl2;Niger;AF;c17;c13;b07;54835;20008;43386;739313;118229;0.463803296991432;0.169230899356334;0.366965803652234;B : Medium increase and minor decrease;B;13.5137;21098;15
50;Ningbo--China;1462996_20631;1;1;Env. 1990;3;corr plain;amont urb;NA;12;3601515.3103;3.6015153103;Ningbo;0;Ningbo--China;cl2;China;AS;c14;c04;b01;84117;20908;73777;860343;178802;0.470447757855058;0.116933815057997;0.412618427086945;B : Medium increase and minor decrease;B;29.8782;1215495;39
220;Nottingham--United Kingdom;294639_22868;1;1;Pre-1985;4;plain;amont urb aval;NA;25;9269240.91308;9.26924091308;Nottingham;3;Nottingham--United Kingdom;cl2;United Kingdom;EU;c10;c16;b04;20884;10788;10152;52615;41824;0.499330527926549;0.257938026013772;0.242731446059679;B : Medium increase and minor decrease;B;52.9536;-11505;21
182;Novokuznetsk--Russian Federation;262778_22318;1;1;Pre-1985;3;plain;amont urb aval;NA;11;100156673.60461;100.15667360461;Novokuznetsk;0;Novokuznetsk--Russian Federation;cl1;Russian Federation;AS;c07;c06;b05;67838;33480;104056;884620;205374;0.330314450709437;0.16301966169038;0.506665887600183;D : Minor increase and minor decrease;D;53.7557;871099;20
135;Nyala--Sudan;2274018_22582;1;1;////;1;plain;aval;NA;0;0;0;Nyala;0;Nyala--Sudan;cl2;Sudan;AF;c17;c13;b07;55;NA;NA;55;NA;NA;NA;NA;NA;NA;12.05;248833;9
115;Oaxaca de JuÃƒÆ’Ã‚Â¡rez--Mexico;2099310_21858;1;1;Env. 2005;3;corr plain;amont urb aval;NA;0;0;0;Oaxaca de Juarez;1;Oaxaca de JuÃƒÂ¡rez--Mexico;cl2;Mexico;AN;c14;c04;b03;108;47;19;202;174;0.620689655172414;0.270114942528736;0.109195402298851;B : Medium increase and minor decrease;B;17.05;-967167;17
159;Onitsha--Nigeria;2465265_22013;1;0;Env. 2005;2;corr plain;amont urb;NA;0;0;0;Onitsha;4;Onitsha--Nigeria;cl5;Nigeria;AF;c18;c17;b01;203389;120180;106975;2131245;430544;0.472400033446059;0.279135233564978;0.248464732988963;B : Medium increase and minor decrease;B;6.1454;67885;30
154;Oshogbo--Nigeria;2411107_22014;1;1;Env. 2006;3;corr plain;amont urb aval;NA;0;0;0;Oshogbo;0;Oshogbo--Nigeria;cl5;Nigeria;AF;c18;c17;b01;433;339;63;835;835;0.518562874251497;0.405988023952096;0.0754491017964072;C : Medium increase and medium decrease;C;7.7667;45667;17
141;Ottappalam--India;2319041_206049;1;1;Env. 2010;1;plain;amont urb;NA;7;189490.21034;0.18949021034;Ottappalam;7;Ottappalam--India;cl2;India;AS;c18;c02;b01;1482;1070;352;4659;2904;0.510330578512397;0.368457300275482;0.121212121212121;B : Medium increase and minor decrease;B;10.7667;763833;24
252;Ottawa-Gatineau--Canada;614078_20387;1;0;Pre-1985;3;plain;amont urb aval;NA;22;4256957.17811;4.25695717811;Ottawa-Gatineau;4;Ottawa-Gatineau--Canada;cl1;Canada;AN;c07;c02;b04;63407;42277;485772;3330027;591456;0.10720493155873;0.0714795352486068;0.821315533192663;D : Minor increase and minor decrease;D;45.4166;-75698;27
22;Oujda--Morocco;1190598_21898;0;0;NA;0;NA;NA;NA;0;0;0;Oujda;1;Oujda--Morocco;cl1;Morocco;AF;c12;c12;b12;635;NA;NA;645;NA;NA;NA;NA;NA;NA;34.6805;-19076;10
24;Oxnard--United States of America;1221296_23092;1;1;Pre-1985;1;plain;amont;NA;1;226114.29721;0.22611429721;Oxnard;0;Oxnard--United States of America;cl1;United States of America;AN;c12;c04;b12;2827;2182;1721;157934;6730;0.420059435364042;0.324219910846954;0.255720653789004;B : Medium increase and minor decrease;B;34.1975;-1191771;9
179;Palembang--Indonesia;2594843_21463;0;1;NA;0;NA;NA;NA;0;0;0;Palembang;1;Palembang--Indonesia;cl5;Indonesia;AS;c18;c17;b01;358118;34192;136118;3247722;528428;0.677704436555217;0.0647051253907817;0.257590438054002;B : Medium increase and minor decrease;B;-2.9167;1047458;22
60;Palm Bay-Melbourne--United States of America;1556721_23062;1;1;Pre-1985;1;plain;amont urb;NA;8;688145.3184;0.6881453184;Palm Bay-Melbourne;0;Palm Bay-Melbourne--United States of America;cl1;United States of America;AN;c13;c16;b08;168469;43427;99755;1824856;311651;0.540569418997533;0.139344972421074;0.320085608581394;B : Medium increase and minor decrease;B;28.059;-805983;NA
279;Panjin--China;816004_20633;1;1;Env. 2000;3;corr plain;amont urb;NA;0;0;0;Panjin;2;Panjin--China;cl2;China;AS;c09;c16;b04;46010;51164;28777;502725;125951;0.365300791577677;0.406221467078467;0.228477741343856;E : Minor increase and medium decrease;E;41.1219;1220701;14
68;Panzhihua--China;1637996_23690;1;1;Env. 2005;3;corr plain;amont urb aval;NA;1;98746.28679;0.09874628679;Panzhihua;1;Panzhihua--China;cl2;China;AS;c11;c04;b01;2671;356;301;4437;3328;0.802584134615385;0.106971153846154;0.0904447115384615;A : Major increase and minor decrease;A;26.5851;1017128;11
236;Paris--France;469983_20985;1;0;Env. 1950;4;plain;amont urb aval;NA;104;31941614.67445;31.94161467445;Paris;3;Paris--France;cl3;France;EU;c10;c22;b04;83297;28741;109831;472080;221869;0.375433251152707;0.12954040447291;0.495026344374383;D : Minor increase and minor decrease;D;48.8534;23488;65
78;Patna--India;1698459_21364;1;0;Env. 2000;4;corr plain;amont urb aval;NA;173;2200194.29989;2.20019429989;Patna;4;Patna--India;cl2;India;AS;c17;c16;b01;2369088;950920;339598;16263221;3659606;0.647361491920168;0.259842179731916;0.0927963283479151;B : Medium increase and minor decrease;B;25.6;851167;28
208;Pelotas--Brazil;2886877_20257;1;1;Env. 2000;1;plain;amont;NA;0;0;0;Pelotas;0;Pelotas--Brazil;cl2;Brazil;SA;c14;c13;b07;71463;10848;18835;532486;101146;0.706533130326459;0.107250904632907;0.186215965040634;A : Major increase and minor decrease;A;-31.7719;-523425;5
209;Perth--Australia;2888858_206172;1;1;Pre-1985;2;plain;amont urb;NA;8;616635.287;0.616635287;Perth;1;Perth--Australia;cl1;Australia;OC;c12;c01;b12;8799;6264;64880;558199;79943;0.110065921969403;0.0783558285278261;0.811578249502771;D : Minor increase and minor decrease;D;-31.9478;1158525;27
187;Petrolina--Brazil;2712689_20258;0;1;NA;0;NA;NA;NA;2;289146.8058;0.2891468058;Petrolina;0;Petrolina--Brazil;cl2;Brazil;SA;c18;c18;b02;5105;24812;82768;548382;112685;0.0453032790522252;0.220189022496339;0.734507698451435;D : Minor increase and minor decrease;D;-9.3986;-405008;12
136;Phnom Penh--Cambodia;2291181_20357;1;0;Env. 2010;4;corr plain;amont urb aval;NA;2;359623.64378;0.35962364378;Phnom Penh;0;Phnom Penh--Cambodia;cl2;Cambodia;AS;c17;c16;b01;6685135;1434468;2120083;67081456;10239686;0.6528652343441;0.140089061324732;0.207045704331168;B : Medium increase and minor decrease;B;11.5625;104916;31
183;Piura--Peru;2636156_22079;1;1;Env. 2016;1;corr plain;amont urb aval;NA;0;0;0;Piura;0;Piura--Peru;cl2;Peru;SA;c18;c13;b02;11564;13306;1937;150301;26807;0.431379863468497;0.49636289028985;0.0722572462416533;C : Medium increase and medium decrease;C;-5.2;-806333;10
11;Pohang--Republic of Korea;1105613_21755;1;1;Env. 2004;2;corr;amont urb;NA;0;0;0;Pohang;0;Pohang--Republic of Korea;cl2;Republic of Korea;AS;c10;c02;b04;4865;2285;7106;388620;14256;0.341259820426487;0.160283389450056;0.498456790123457;D : Minor increase and minor decrease;D;36.0172;1293602;7
186;Porto Velho--Brazil;2706116_20265;1;1;Env. 2000;2;plain;amont urb aval;NA;3;123641.58465;0.12364158465;Porto Velho;0;Porto Velho--Brazil;cl2;Brazil;SA;c18;c01;b01;78659;4028;108235;1074917;190922;0.411995474591718;0.0210976210180074;0.566906904390275;B : Medium increase and minor decrease;B;-8.7619;-639039;11
201;Posadas--Argentina;2859320_20072;1;1;Env. 2005;1;corr plain;amont urb aval;NA;9;714063.21989;0.71406321989;Posadas;0;Posadas--Argentina;cl2;Argentina;SA;c14;c01;b01;483982;348;346743;6231111;831073;0.582357987806125;0.000418735778926761;0.417223276414948;B : Medium increase and minor decrease;B;-27.3671;-558961;17
233;Praha (Prague)--Czechia;412720_20887;1;1;Env. 1985;3;plain;amont urb aval;NA;49;6322307.41995;6.32230741995;Praha (Prague);2;Praha (Prague)--Czechia;cl2;Czechia;EU;c08;c16;b04;13536;9497;46586;151346;69619;0.19442968155245;0.136413909995834;0.669156408451716;D : Minor increase and minor decrease;D;50.088;144208;22
184;Preston--United Kingdom;264308_22873;1;1;Env. 2000;2;plain;amont urb;NA;6;1134665.30476;1.13466530476;Preston;2;Preston--United Kingdom;cl2;United Kingdom;EU;c10;c13;b04;2945;1176;7288;41890;11409;0.258129546848979;0.103076518537996;0.638793934613025;D : Minor increase and minor decrease;D;53.761;-27024;8
109;Puebla--Mexico;2028870_21862;0;0;NA;0;NA;NA;NA;0;0;0;Puebla;0;Puebla--Mexico;cl2;Mexico;AN;c11;c04;b03;15673;5410;12843;66922;33926;0.461976065554442;0.159464717325945;0.378559217119613;B : Medium increase and minor decrease;B;19.0415;-98205;34
205;Puerto Alegre--Brazil;2878989_20264;1;1;Env. 1985;2;corr plain;amont urb;NA;12;652921.18262;0.65292118262;Puerto Alegre;1;Puerto Alegre--Brazil;cl2;Brazil;SA;c14;c17;b01;230906;96512;866344;5442168;1193762;0.193427165548912;0.0808469359889157;0.725725898462173;D : Minor increase and minor decrease;D;-30.0331;-5123;23
75;Purnia--India;1686271_21373;1;1;Env. 2015;3;corr plain;amont urb aval;NA;0;0;0;Purnia;1;Purnia--India;cl2;India;AS;c18;c16;b01;11346;4575;1149;25450;17070;0.664674868189807;0.268014059753954;0.067311072056239;B : Medium increase and minor decrease;B;25.7833;874667;5
289;P'yongyang--Dem. People's Republic of Korea;935343_21722;1;1;Env. 1990;4;corr;amont urb;NA;9;954580.96077;0.95458096077;P'yongyang;0;P'yongyang--Dem. People's Republic of Korea;cl2;Dem. People's Republic of Korea;AS;c10;c02;b04;46255;24981;152579;1576449;223815;0.206666219869088;0.111614503049393;0.681719277081518;D : Minor increase and minor decrease;D;39.0339;1257543;24
10;Qacentina--Algeria;1087683_20019;1;1;Env. 1985;2;plain;amont urb;NA;6;3085626.26881;3.08562626881;Qacentina;2;Qacentina--Algeria;cl1;Algeria;AF;c11;c12;b12;31769;15;1928;36021;33712;0.942364736592311;0.000444945420028476;0.0571903179876602;A : Major increase and minor decrease;A;36.3549;66073;15
247;Qitaihe--China;594425_20647;1;1;Pre-2000;5;corr plain;amont urb aval;NA;0;0;0;Qitaihe;1;Qitaihe--China;cl2;China;AS;c08;c16;b04;66051;1027;1805;127575;68883;0.958886808065851;0.0149093390241424;0.0262038529100068;A : Major increase and minor decrease;A;45.7671;130975;10
244;QuÃƒÆ’Ã‚Â©bec--Canada;552587_20390;1;1;Pre-1985;2;plain;amont urb aval;NA;48;5755431.42393;5.75543142393;Quebec;0;Quebec--Canada;cl2;Canada;AN;c07;c06;b04;18652;22496;1760768;12459340;1801916;0.0103512039406942;0.0124844887331041;0.977164307326202;D : Minor increase and minor decrease;D;46.8123;-712145;27
103;QuerÃƒÆ’Ã‚Â©taro--Mexico;1972345_21863;1;1;Env. 1985;3;corr plain;amont urb;NA;0;0;0;Queretaro;1;Queretaro--Mexico;cl2;Mexico;AN;c14;c13;b13;6045;107;164;6538;6316;0.95709309689677;0.0169411019632679;0.025965801139962;A : Major increase and minor decrease;A;20.6;-1003833;14
29;Rabat--Morocco;1235681_21899;1;1;Pre-1985;3;plain;amont urb;NA;9;1408333.47546;1.40833347546;Rabat;2;Rabat--Morocco;cl1;Morocco;AF;c12;c16;b12;41575;929;33398;1912910;75902;0.54774577744987;0.0122394666807199;0.440014755869411;B : Medium increase and minor decrease;B;34.0133;-68326;9
114;Rajahmundry--India;2099302_21377;1;1;Env. 2020;3;corr plain;amont urb aval;NA;0;0;0;Rajahmundry;0;Rajahmundry--India;cl2;India;AS;c17;c02;b01;122381;96202;68477;1587485;287060;0.426325506862677;0.335128544555145;0.238545948582178;B : Medium increase and minor decrease;B;17.0038;817894;11
56;Rampur--India;1516096_21382;0;0;NA;0;NA;NA;NA;0;0;0;Rampur;2;Rampur--India;cl2;India;AS;c18;c16;b01;5780;10342;264;29862;16386;0.352740144025388;0.631148541437813;0.0161113145367997;E : Minor increase and medium decrease;E;28.8062;790277;8
77;Rangpur--Bangladesh;1693978_20132;1;1;Env. 2010;2;corr plain;amont urb aval;NA;0;0;0;Rangpur;6;Rangpur--Bangladesh;cl2;Bangladesh;AS;c13;c16;b01;341603;290857;54589;4106210;687049;0.497203256245188;0.42334243991331;0.0794543038415018;C : Medium increase and medium decrease;C;25.75;8925;27
96;Raniganj--India;1813573_21385;1;1;Env. 2000;4;corr plain;amont urb aval;NA;2;630498.5032;0.6304985032;NA;NA;NA;NA;NA;NA;NA;NA;NA;26736;26273;9008;363400;62017;0.431107599529161;0.423641904639051;0.145250495831788;C : Medium increase and medium decrease;C;23.6164;871306;adjacent
128;Ranipet--India;2239107_21168;1;0;Env. 2000;4;corr plain;amont urb aval;NA;1;5822955.85994;5.82295585994;Ranipet;11;Ranipet--India;cl2;India;AS;c17;c16;b13;17735;17695;3154;52583;38584;0.459646485589882;0.458609786439975;0.0817437279701431;C : Medium increase and medium decrease;C;12.9315;793323;13
126;Ratchaburi--Thailand;2217677_205960;0;0;NA;0;NA;NA;NA;0;0;0;Ratchaburi;2;Ratchaburi--Thailand;cl2;Thailand;AS;c18;c11;b01;672;4728;3347;21585;8747;0.0768263404595861;0.54052818109066;0.382645478449754;E : Minor increase and medium decrease;E;13.5367;998169;5
227;Reading-Wokingham--United Kingdom;351334_22874;1;1;Pre-1985;3;plain;amont urb aval;NA;9;756036.72149;0.75603672149;Reading-Wokingham;6;Reading-Wokingham--United Kingdom;cl2;United Kingdom;EU;c10;c16;b04;2870;4430;5622;17732;12922;0.222101841820152;0.34282618789661;0.435071970283238;D : Minor increase and minor decrease;D;51.4112;-8356;12
185;Recife--Brazil;2696482_20268;1;1;Post-2000;1;plain;amont urb;NA;1;48814.46971;0.04881446971;Recife;0;Recife--Brazil;cl5;Brazil;SA;c18;c17;b01;18976;12064;43047;867181;74087;0.256131305087262;0.162835585190384;0.581033109722353;D : Minor increase and minor decrease;D;-8.0539;-348811;23
202;Resistencia--Argentina;2859997_20073;1;1;Post-2000;1;plain;amont urb aval;NA;2;61105.53112;0.06110553112;Resistencia;0;Resistencia--Argentina;cl2;Argentina;SA;c13;c02;b07;266402;276205;336253;3606828;878860;0.30312222652072;0.314276449036252;0.382601324443028;D : Minor increase and minor decrease;D;-27.4606;-589839;12
274;Roma (Rome)--Italy;780792_21588;1;1;Env. 1985;1;plain;amont urb;0;8;694614.39336;0.69461439336;Roma (Rome);4;Roma (Rome)--Italy;cl1;Italy;EU;c11;c16;b12;12716;1803;6244;56865;20763;0.61243558252661;0.086837162259789;0.300727255213601;B : Medium increase and minor decrease;B;41.8947;124811;24
211;Rosario--Argentina;2893379_20075;1;0;Env. 2010;1;plain;urb aval;NA;11;439589.03504;0.43958903504;Rosario;0;Rosario--Argentina;cl1;Argentina;SA;c12;c16;b08;3062323;6340494;3058274;87068388;12461091;0.245750793409662;0.508823344601207;0.245425861989131;E : Minor increase and medium decrease;E;-32.9468;-606393;35
268;Round Lake Beach-McHenry-Grayslake--United States of America;757974_23120;1;0;Pre-1985;3;plain;amont urb;NA;7;7896668.37211;7.89666837211;Round Lake Beach-McHenry-Grayslake;1;Round Lake Beach-McHenry-Grayslake--United States of America;cl1;United States of America;AN;c10;c16;b08;25877;21958;94834;506641;142669;0.181377874660928;0.153908697754943;0.664713427584128;D : Minor increase and minor decrease;D;42.354;-881005;9
196;SÃƒÆ’Ã‚Â£o Paulo--Brazil;2826477_20287;1;0;Env. 1985;3;corr plain;amont urb;NA;52;19061713.83815;19.06171383815;Sao Paulo;1;SÃƒÂ£o Paulo--Brazil;cl3;Brazil;SA;c14;c16;b01;30064;51614;167535;463713;249213;0.120635761376814;0.207107975908159;0.672256262715027;D : Minor increase and minor decrease;D;-23.5475;-466361;79
296;Sacramento--United States of America;962157_23121;1;1;Pre-1985;2;plain;amont urb aval;NA;19;6039992.63289;6.03999263289;Sacramento;0;Sacramento--United States of America;cl2;United States of America;AN;c11;c04;b05;2723143;728896;887715;12606645;4339754;0.627487871432344;0.167957907291519;0.204554221276137;B : Medium increase and minor decrease;B;38.5816;-1214944;48
280;Sakarya--Turkey;841800_22648;1;1;Pre-1985;4;corr plain;amont urb aval;NA;14;1188713.73976;1.18871373976;Sakarya;4;Sakarya--Turkey;cl2;Turkey;AS;c11;c17;b04;15324;13142;5937;56626;34403;0.445426270964741;0.382001569630555;0.172572159404703;B : Medium increase and minor decrease;B;40.7738;304024;16
172;Samarinda--Indonesia;2556615_21471;1;1;Env. 1995;4;corr plain;amont urb aval;NA;15;292763451.4491;292.7634514491;Samarinda;0;Samarinda--Indonesia;cl2;Indonesia;AS;c18;c11;b01;455465;13768;427367;11813115;896600;0.507991300468436;0.0153557885344635;0.4766529109971;B : Medium increase and minor decrease;B;-0.4948;1171436;24
285;Samarkand--Uzbekistan;903141_23208;1;1;Env. 2009;4;corr plain;amont urb aval;NA;2;168283.06916;0.16828306916;Samarkand;2;Samarkand--Uzbekistan;cl1;Uzbekistan;AS;c11;c19;b08;97946;106360;38737;1048543;243043;0.402998646330073;0.437618034668762;0.159383319001164;C : Medium increase and medium decrease;C;39.6542;669597;28
119;San Pedro Sula--Honduras;2153701_21135;1;1;Env. 2000;3;corr;amont urb;NA;2;1395.19189;0.00139519189;San Pedro Sula;0;San Pedro Sula--Honduras;cl2;Honduras;AN;c18;c01;b01;16002;3457;746;25852;20205;0.791982182628062;0.171096263301163;0.0369215540707746;A : Major increase and minor decrease;A;15.5;-880333;13
197;San Salvador de Jujuy--Argentina;2829500_20084;1;1;Env. 2007;4;corr plain;amont urb aval;NA;75;449574.41491;0.44957441491;San Salvador de Jujuy;0;San Salvador de Jujuy--Argentina;cl1;Argentina;SA;c08;c14;b10;1096;191;34;1476;1321;0.829674489023467;0.144587433762301;0.0257380772142316;A : Major increase and minor decrease;A;-24.1946;-652971;10
15;Sanandaj--Iran (Islamic Republic of);1149279_21518;0;1;NA;0;NA;NA;NA;3;76898.50975;0.07689850975;Sanandaj;0;Sanandaj--Iran (Islamic Republic of);cl1;Iran (Islamic Republic of);AS;c09;c14;b04;2415;1336;10620;14371;14371;0.168046760837798;0.0929649989562313;0.73898824020597;D : Minor increase and minor decrease;D;35.3144;469923;11
69;Sanming--China;1658335_20653;0;1;NA;0;NA;NA;NA;1;68690.74288;0.06869074288;Sanming;1;Sanming--China;cl2;China;AS;c14;c01;b01;10305;1313;8180;55677;19798;0.520507121931508;0.0663198302858875;0.413173047782604;B : Medium increase and minor decrease;B;26.2641;1176191;10
207;Santa Fe--Argentina;2886333_20085;1;1;Pre-1985;2;corr plain;amont urb aval;NA;4;431226.76053;0.43122676053;Santa Fe;0;Santa Fe--Argentina;cl2;Argentina;SA;c14;c15;b09;378361;1028492;574179;14072852;1981032;0.190991866865351;0.519169806444318;0.289838326690331;E : Minor increase and medium decrease;E;-31.6327;-606983;13
107;Santiago-1-Dominican Republic;2013273_20897;1;1;Pre-1985;2;plain;urb;NA;1;227427.98887;0.22742798887;Santiago, D.R.;0;Santiago-1-Dominican Republic;cl2;Dominican Republic;AN;c18;c16;b01;5452;842;3591;10537;9885;0.551542741527567;0.0851795649974709;0.363277693474962;B : Medium increase and minor decrease;B;19.4602;-706997;15
213;Santiago-2-Chile;2896276_20439;1;0;Env. 2000;5;corr plain;amont urb aval;NA;60;8039154.6202;8.0391546202;Santiago, Chile;0;Santiago-2-Chile;cl2;Chile;SA;c11;c14;b04;11840;8596;3504;60275;23940;0.494569757727652;0.35906432748538;0.146365914786967;B : Medium increase and minor decrease;B;-33.4569;-706483;21
97;Santipur--India;1835931_21396;1;1;Env. 2005;1;corr plain;amont urb aval;NA;0;0;0;Santipur;0;Santipur--India;cl2;India;AS;c18;c16;b01;102374;109210;40117;1374572;251701;0.406728618479863;0.433887827223571;0.159383554296566;C : Medium increase and medium decrease;C;23.2472;88433;9
263;Sapporo--Japan;727584_204581;0;0;NA;0;NA;NA;NA;2;635659.63901;0.63565963901;Sapporo;0;Sapporo--Japan;cl1;Japan;AS;c07;c02;b05;19783;16313;47992;4920448;84088;0.235265436209685;0.193999143754162;0.570735420036153;D : Minor increase and minor decrease;D;43.0642;1413469;22
258;Sarajevo--Bosnia and Herzegovina;686143_20164;1;1;Pre-1985;2;plain;amont urb aval;NA;5;506256.98575;0.50625698575;Sarajevo;0;Sarajevo--Bosnia and Herzegovina;cl2;Bosnia and Herzegovina;EU;c10;c16;b04;483;104;38;691;625;0.7728;0.1664;0.0608;A : Major increase and minor decrease;A;43.8486;183564;16
223;Saskatoon--Canada;326681_20395;0;1;NA;0;NA;NA;NA;0;0;0;Saskatoon;0;Saskatoon--Canada;cl1;Canada;AN;c08;c16;b08;26880;12329;37859;182530;77068;0.348782893029532;0.159975605958374;0.491241501012093;D : Minor increase and minor decrease;D;52.1168;-1066345;13
92;Satna--India;1760928_21397;1;1;Env. 1995;4;corr plain;amont urb aval;NA;5;9346628.48699;9.34662848699;Satna;1;Satna--India;cl2;India;AS;c18;c16;b02;15648;30788;7262;95320;53698;0.291407501210473;0.573354687325413;0.135237811464114;E : Minor increase and medium decrease;E;24.5833;808333;15
2;Sevilla--Spain;1017555_22562;1;1;Env. 1990;2;plain;amont urb;NA;4;966000.05727;0.96600005727;Sevilla;1;Sevilla--Spain;cl1;Spain;EU;c12;c16;b12;360787;23578;38645;2627861;423010;0.852904186662254;0.0557386350204487;0.0913571783172975;A : Major increase and minor decrease;A;37.3824;-59761;14
57;Shangrao--China;1530827_20658;1;1;Env. 2000;5;corr;amont urb aval;NA;0;0;0;Shangrao;1;Shangrao--China;cl2;China;AS;c14;c16;b01;28468;4622;12845;252274;45935;0.619745292260803;0.100620441928812;0.279634265810384;B : Medium increase and minor decrease;B;28.4604;1179531;14
49;Shangyu--China;1452721_23716;1;1;Env. 2000;3;corr plain;amont urb;NA;0;0;0;Shangyu;0;Shangyu--China;cl2;China;AS;c14;c04;b01;57872;16577;28448;393336;102897;0.562426504174077;0.161102850423239;0.276470645402684;B : Medium increase and minor decrease;B;30.0311;1208722;13
125;Shimoga--India;2201260_21401;1;1;Env. 1990;2;corr plain;amont urb aval;NA;3;1341803.70674;1.34180370674;Shimoga;0;Shimoga--India;cl2;India;AS;c18;c16;b01;12015;5687;8036;106187;25738;0.46681948869376;0.220957339342606;0.312223171963634;B : Medium increase and minor decrease;B;13.9316;755679;8
53;Shiraz--Iran (Islamic Republic of);1474144_21520;0;0;NA;0;NA;NA;NA;0;0;0;Shiraz;0;Shiraz--Iran (Islamic Republic of);cl2;Iran (Islamic Republic of);AS;c12;c19;b04;285;269;8;562;562;0.50711743772242;0.47864768683274;0.0142348754448399;C : Medium increase and medium decrease;C;29.6036;525388;NA
36;Sialkot--Pakistan;1317400_22058;1;1;Env. 1985;1;plain;amont urb;NA;0;0;0;Sialkot;0;Sialkot--Pakistan;cl2;Pakistan;AS;c16;c16;b13;20194;10893;11145;432517;42232;0.478168213676833;0.257932373555598;0.26389941276757;B : Medium increase and minor decrease;B;32.5;745167;32
272;Skopje--TFYR Macedonia;770799_22802;1;1;Pre-2000;2;corr plain;amont urb aval;NA;12;724569.51495;0.72456951495;Skopje;0;Skopje--TFYR Macedonia;cl2;TFYR Macedonia;EU;c09;c16;b04;1612;488;156;2299;2256;0.714539007092199;0.216312056737589;0.0691489361702128;A : Major increase and minor decrease;A;42;214333;18
267;Sofia--Bulgaria;741622_20327;1;1;Pre-1984;2;plain;amont urb aval;NA;9;8363423.02571;8.36342302571;Sofia;0;Sofia--Bulgaria;cl2;Bulgaria;EU;c08;c16;b04;9329;1770;1462;12769;12561;0.742695645251174;0.140912347743014;0.116392007005812;A : Major increase and minor decrease;A;42.6975;233242;19
45;Songzi--China;1438950_23822;1;1;Env. 2011;2;corr;amont urb aval;NA;0;0;0;Songzi;0;Songzi--China;cl2;China;AS;c11;c11;b01;52357;15779;16473;515011;84609;0.618811237575199;0.18649316266591;0.194695599758891;B : Medium increase and minor decrease;B;30.1736;1117761;8
25;Srinagar--India;1230487_21411;1;1;Env. 2015;3;corr plain;amont urb aval;NA;2;58468.54938;0.05846854938;Srinagar;1;Srinagar--India;cl2;India;AS;c16;c16;b04;88023;47251;43505;272372;178779;0.492356484822043;0.264298379563595;0.243345135614362;B : Medium increase and minor decrease;B;34.0837;747974;12
294;St. Louis--United States of America;960484_23152;1;0;Pre-1985;3;plain;amont urb aval;NA;40;24394584.66016;24.39458466016;St. Louis;2;St. Louis--United States of America;cl1;United States of America;AN;c11;c16;b08;881437;841481;903420;12434427;2626338;0.335614456326642;0.320400877571737;0.343984666101621;D : Minor increase and minor decrease;D;38.6286;-901972;66
89;Sylhet--Bangladesh;1749593_20136;1;0;Env. 2000;4;corr plain;amont urb aval;NA;5;1794952.12594;1.79495212594;Sylhet;1;Sylhet--Bangladesh;cl2;Bangladesh;AS;c13;c16;b01;517842;201244;157111;13903727;876197;0.591010925625173;0.229678942064399;0.179310132310428;B : Medium increase and minor decrease;B;24.8967;918717;28
190;Szczecin--Poland;273949_22156;0;0;NA;0;NA;NA;NA;0;0;0;Szczecin;2;Szczecin--Poland;cl2;Poland;EU;c08;c16;b04;19114;11333;206288;1218189;236735;0.0807400680085327;0.0478720932688449;0.871387838722622;D : Minor increase and minor decrease;D;53.4289;14553;13
93;Taizhong--China. Taiwan Province of China;1786647_895000388;1;1;Env. 1990;1;corr plain;amont urb;NA;14;471558.14513;0.47155814513;NA;NA;NA;NA;NA;NA;NA;NA;NA;12370;11893;6875;196243;31138;0.397263793435673;0.381944890487507;0.220791316076819;D : Minor increase and minor decrease;D;24.1416;1206727;12
276;Tbilisi--Georgia;788164_21011;1;1;Env. 2006;3;corr plain;amont urb aval;NA;9;351134.13912;0.35113413912;Tbilisi;0;Tbilisi--Georgia;cl2;Georgia;AS;c07;c16;b04;58018;21755;34587;296888;114360;0.507327736970969;0.190232598810773;0.302439664218258;B : Medium increase and minor decrease;B;41.6941;448337;26
217;Temuco--Chile;2912618_20442;1;0;Env. 2000;5;corr plain;amont urb aval;NA;9;1854064.35967;1.85406435967;Temuco;1;Temuco--Chile;cl2;Chile;SA;c10;c03;b04;11773;6577;2263;82688;20613;0.571144423422112;0.319070489496919;0.109785087080968;B : Medium increase and minor decrease;B;-38.7333;-726;14
193;Tete--Mozambique;2765368_21917;0;1;NA;0;NA;NA;NA;3;8054318.33177;8.05431833177;Tete;0;Tete--Mozambique;cl5;Mozambique;AF;c18;c12;b07;24752;18138;34266;560743;77156;0.320804603660117;0.23508217118565;0.444113225154233;D : Minor increase and minor decrease;D;-16.1564;335867;6
145;Thrissur--India;2330401_21416;1;1;Env. 1995;1;plain;amont urb;NA;16;621095.13249;0.62109513249;Thrissur;0;Thrissur--India;cl2;India;AS;c18;c16;b01;288;1113;8467;16981;9868;0.0291852452371301;0.112788812322659;0.858025942440211;D : Minor increase and minor decrease;D;10.5167;762167;16
270;Tieling--China;758470_20694;1;1;Pre-1985;3;corr plain;amont urb aval;NA;0;0;0;Tieling;1;Tieling--China;cl2;China;AS;c09;c16;b04;26465;25263;29166;233117;80894;0.327156525823918;0.312297574603803;0.36054589957228;D : Minor increase and minor decrease;D;42.2931;1238414;9
140;Tiruchirappalli--India;2318174_21417;1;0;Env. 2005;4;corr;amont urb aval;NA;3;571627.7991;0.5716277991;Tiruchirappalli;6;Tiruchirappalli--India;cl2;India;AS;c17;c16;b02;93003;72801;31081;1113659;196885;0.472372196967773;0.369764075475531;0.157863727556696;B : Medium increase and minor decrease;B;10.805;786856;23
100;Tomsk--Russian Federation;187501_22375;1;1;Pre-1985;2;corr plain;amont urb;NA;24;5145887.34214;5.14588734214;Tomsk;0;Tomsk--Russian Federation;cl1;Russian Federation;AS;c07;c06;b05;152173;40331;247576;3257699;440080;0.345784857298673;0.0916447009634612;0.562570441737866;D : Minor increase and minor decrease;D;56.4942;849742;25
19;Tongchuan--China;1177245_20695;1;1;Env. 2005;1;corr;aval;NA;4;147859.43066;0.14785943066;Tongchuan;5;Tongchuan--China;cl2;China;AS;c11;c16;b04;2255;65;1324;3644;3644;0.618825466520307;0.0178375411635565;0.363336992316136;B : Medium increase and minor decrease;B;34.8988;1089506;8
43;Tongling--China;1398386_20699;1;1;Env. 2000;2;corr plain;amont urb aval;NA;9;4392400.96362;4.39240096362;Tongling;2;Tongling--China;cl2;China;AS;c14;c16;b04;402465;462662;514480;7377708;1379607;0.29172438237846;0.335357822916236;0.372917794705304;D : Minor increase and minor decrease;D;30.9363;1178109;20
254;Torino (Turin)--Italy;632601_21597;1;0;Pre-1985;3;plain;amont urb aval;NA;50;11210776.79146;11.21077679146;Torino (Turin);4;Torino (Turin)--Italy;cl2;Italy;EU;c11;c16;b05;41422;25572;11561;192144;78555;0.527299344408376;0.3255298835211;0.147170772070524;B : Medium increase and minor decrease;B;45.0687;76772;21
260;Toulouse--France;699745_20997;1;1;Pre-1985;4;plain;amont urb aval;NA;39;17108302.77588;17.10830277588;Toulouse;4;Toulouse--France;cl2;France;EU;c11;c16;b04;39985;14252;17635;164737;71872;0.556336264470169;0.19829697239537;0.245366763134461;B : Medium increase and minor decrease;B;43.6043;14437;26
165;Tula--Russian Federation;249254_22376;1;1;Pre-1985;1;plain;amont urb aval;NA;7;1370232.50293;1.37023250293;Tula;1;Tula--Russian Federation;cl2;Russian Federation;EU;c07;c16;b04;10954;10473;12281;34973;33708;0.324967366797199;0.310697757208971;0.364334875993829;D : Minor increase and minor decrease;D;54.2021;376443;15
120;Ubon Ratchathani--Thailand;2159309_22627;1;1;Env. 1990;4;corr plain;amont urb aval;NA;0;0;0;Ubon Ratchathani;0;Ubon Ratchathani--Thailand;cl2;Thailand;AS;c17;c16;b02;200136;30131;35941;1546083;266208;0.751803101334295;0.113185929799255;0.13501096886645;A : Major increase and minor decrease;A;15.2384;1048487;12
143;Ufa--Russian Federation;233022_22378;1;1;Env. 1985;2;corr plain;amont urb aval;NA;20;1048025.18728;1.04802518728;Ufa;2;Ufa--Russian Federation;cl2;Russian Federation;EU;c08;c02;b04;167429;1013020;343436;6950688;1523885;0.109869839259524;0.664761448534502;0.225368712205974;E : Minor increase and medium decrease;E;54.7852;560456;31
240;Ulaanbaatar--Mongolia;502860_21882;1;1;Pre-1985;3;corr plain;amont urb aval;NA;4;711469.22097;0.71146922097;Ulaanbaatar;0;Ulaanbaatar--Mongolia;cl1;Mongolia;AS;c07;c05;b08;19957;15809;3974;74127;39740;0.502189229994967;0.397810770005033;0.1;B : Medium increase and minor decrease;B;47.9077;1068832;25
226;Ulan-Ude--Russian Federation;338826_22380;1;1;Pre-1985;3;corr plain;amont urb;NA;5;498500.89013;0.49850089013;Ulan-Ude;0;Ulan-Ude--Russian Federation;cl1;Russian Federation;AS;c07;c05;b06;19997;55567;80969;1036187;156533;0.127749420250043;0.354985849629152;0.517264730120805;D : Minor increase and minor decrease;D;51.8261;1076098;20
225;Utrecht--Netherlands;329734_21949;1;1;Pre-1985;3;corr plain;amont urb;0;0;0;0;Utrecht;0;Utrecht--Netherlands;cl2;Netherlands;EU;c10;c16;b04;15139;4958;31061;267289;51158;0.295926345830564;0.0969154384455999;0.607158215723836;D : Minor increase and minor decrease;D;52.0908;51222;8
235;Vancouver--Canada;447697_20404;1;1;Pre-1985;3;plain;amont;NA;23;4698272.54063;4.69827254063;Vancouver;0;Vancouver--Canada;cl2;Canada;AN;c06;c04;b05;38053;27619;470761;3690503;536433;0.0709370974567187;0.0514863925224585;0.877576510020823;D : Minor increase and minor decrease;D;49.2497;-1231193;34
250;Verona--Italy;610341_21600;1;1;Pre-1985;2;plain;urb aval;NA;10;1414556.03155;1.41455603155;Verona;0;Verona--Italy;cl2;Italy;EU;c07;c04;b05;3110;3230;3407;28496;9747;0.319072535139017;0.331384015594542;0.349543449266441;D : Minor increase and minor decrease;D;45.4342;109978;8
112;Vientiane--Lao People's Democratic Republic;2069620_21772;1;1;Env. 2000;3;corr plain;amont urb aval;NA;4;168170.25731;0.16817025731;Vientiane;1;Vientiane--Lao People's Democratic Republic;cl2;Lao People's Democratic Republic;AS;c18;c16;b01;81445;22545;55351;746147;159341;0.511136493432324;0.141489007851087;0.347374498716589;B : Medium increase and minor decrease;B;17.9667;1026;18
144;Vilnius--Lithuania;233023_21789;1;1;Pre-1985;1;plain;urb aval;NA;5;738472.31429;0.73847231429;Vilnius;3;Vilnius--Lithuania;cl2;Lithuania;EU;c07;c16;b04;2449;7526;6331;54252;16306;0.150190114068441;0.461547896479823;0.388261989451736;E : Minor increase and medium decrease;E;54.6892;252798;14
7;Visalia--United States of America;1084665_23172;0;1;NA;0;NA;NA;NA;0;0;0;Visalia;0;Visalia--United States of America;cl1;United States of America;AN;c12;c04;b08;590;77;43;927;710;0.830985915492958;0.108450704225352;0.0605633802816901;A : Major increase and minor decrease;A;36.3241;-1193073;8
262;Vladikavkaz--Russian Federation;724769_22328;1;1;Env. 1990;3;corr plain;amont urb aval;NA;5;1491666.95849;1.49166695849;Vladikavkaz;1;Vladikavkaz--Russian Federation;cl2;Russian Federation;EU;c08;c13;b04;9833;6413;1667;30870;17913;0.548930944007146;0.35800815050522;0.0930609054876347;B : Medium increase and minor decrease;B;43.0367;446678;14
160;Warri--Nigeria;2473723_22023;1;1;Env. 2005;3;corr plain;amont urb aval;NA;0;0;0;Warri;1;Warri--Nigeria;cl2;Nigeria;AF;c18;c01;b01;15777;2691;213645;1163584;232113;0.0679712036809657;0.011593491101317;0.920435305217717;D : Minor increase and minor decrease;D;5.5167;575;22
222;Warszawa (Warsaw)--Poland;326676_22161;1;1;Env. 1995;2;corr plain;amont urb aval;NA;12;470164.86619;0.47016486619;Warszawa (Warsaw);3;Warszawa (Warsaw)--Poland;cl2;Poland;EU;c08;c16;b04;63531;48319;115952;1344951;227802;0.27888692812179;0.212109639072528;0.509003432805682;D : Minor increase and minor decrease;D;52.2298;210118;29
291;Washington. D.C.--United States of America;948621_23174;1;1;Pre-1984;3;plain;amont urb aval;NA;39;15923450.78529;15.92345078529;Washington, D.C.;0;Washington, D.C.--United States of America;cl2;United States of America;AN;c11;c06;b04;89064;52161;1454060;9775049;1595285;0.055829522624484;0.0326969789097246;0.911473498465791;D : Minor increase and minor decrease;D;38.8951;-770364;70
271;Windsor--Canada;766026_20406;1;1;Pre-1984;2;plain;amont urb;NA;19;6458524.06243;6.45852406243;Windsor;0;Windsor--Canada;cl2;Canada;AN;c10;c22;b04;53962;213469;2255355;11930443;2522786;0.0213898444021808;0.0846163725341745;0.893993783063645;D : Minor increase and minor decrease;D;42.2811;-830079;84
234;Winnipeg--Canada;420028_20407;1;1;Pre-1985;1;plain;amont urb;NA;13;6346778.64261;6.34677864261;Winnipeg;2;Winnipeg--Canada;cl1;Canada;AN;c08;c16;b08;156309;54747;79221;1090493;290277;0.538482208373381;0.188602610609866;0.272915181016753;B : Medium increase and minor decrease;B;49.8955;-971294;29
288;Wonsan--Dem. People's Republic of Korea;926095_21725;1;1;Env. 2010;3;corr;amont urb;NA;0;0;0;Wonsan;0;Wonsan--Dem. People's Republic of Korea;cl2;Dem. People's Republic of Korea;AS;c10;c02;b04;4318;2023;3103;97267;9444;0.45722151630665;0.214210080474375;0.328568403218975;B : Medium increase and minor decrease;B;39.1528;1274436;NA
44;Wuhan--China;1426352_20712;1;1;Env. 2010;2;corr plain;amont urb aval;NA;33;9410773.60859;9.41077360859;Wuhan;4;Wuhan--China;cl2;China;AS;c11;c16;b04;1905385;1051438;1743745;21838432;4700568;0.405352076600104;0.223683180415643;0.370964742984252;B : Medium increase and minor decrease;B;30.5833;1142667;45
246;Wulanhaote--China;579588_20714;1;1;Env. 2010;4;corr plain;amont urb aval;NA;1;82617.45731;0.08261745731;Wulanhaote;1;Wulanhaote--China;cl1;China;AS;c08;c13;b08;17496;5145;830;32711;23471;0.745430531293937;0.219206680584551;0.0353627881215117;A : Major increase and minor decrease;A;46.0748;1220679;8
84;Xingyi. Guizhou--China;1729107_20735;0;0;NA;0;NA;NA;NA;6;177556.60375;0.17755660375;NA;NA;NA;NA;NA;NA;NA;NA;NA;5042;246;52;6529;5340;0.944194756554307;0.0460674157303371;0.00973782771535581;A : Major increase and minor decrease;A;25.0945;1048983;far
5;Xining--China;1071153_20736;1;1;Env. 2013;1;corr plain;amont aval;NA;2;209936.54672;0.20993654672;Xining;1;Xining--China;cl1;China;AS;c07;c13;b10;17434;3031;1615;29139;22080;0.789583333333333;0.137273550724638;0.073143115942029;A : Major increase and minor decrease;A;36.6167;1017667;27
70;Xuanwei--China;1660319_23791;0;0;NA;0;NA;NA;NA;23;734058.27725;0.73405827725;Xuanwei;0;Xuanwei--China;cl2;China;AS;c11;c04;b01;6466;4996;1932;18542;13394;0.482753471703748;0.373002837091235;0.144243691205017;B : Medium increase and minor decrease;B;26.229;1041018;19
48;Yaan--China;1451528_20747;1;1;Env. 2000;4;corr plain;amont urb aval;0;0;0;0;Yaan;4;Yaan--China;cl2;China;AS;c11;c01;b05;9361;4140;8033;32788;21534;0.434707903780069;0.192254109779883;0.373037986440048;B : Medium increase and minor decrease;B;29.9874;1029945;11
264;Yanji--China;728361_20754;1;1;Env. 2000;4;corr plain;amont urb aval;NA;2;48095.89255;0.04809589255;Yanji;1;Yanji--China;cl2;China;AS;c08;c02;b04;16974;4363;2905;70757;24242;0.700189753320683;0.179976899595743;0.119833347083574;A : Major increase and minor decrease;A;42.9075;1295078;13
76;Yaroslavl--Russian Federation;168828_22396;1;1;Pre-1985;2;plain;amont urb aval;NA;46;1360732.49167;1.36073249167;Yaroslavl;0;Yaroslavl--Russian Federation;cl1;Russian Federation;EU;c07;c02;b06;58872;64564;304186;3765169;427622;0.137672991567319;0.150983812806638;0.711343195626044;D : Minor increase and minor decrease;D;57.6299;398737;27
282;Yerevan--Armenia;875489_20140;1;1;Env. 2005;2;corr plain;amont urb aval;NA;24;2892710.60858;2.89271060858;Yerevan;0;Yerevan--Armenia;cl1;Armenia;AS;c08;c12;b08;2476;1204;2060;12752;5740;0.431358885017422;0.209756097560976;0.358885017421603;B : Medium increase and minor decrease;B;40.182;445146;19
295;Yinchuan--China;961991_20761;0;1;NA;0;NA;NA;NA;5;2984322.04635;2.98432204635;Yinchuan;1;Yinchuan--China;cl1;China;AS;c09;c14;b05;676988;230331;75232;2872917;982551;0.6890105449997;0.234421419346171;0.0765680356541289;B : Medium increase and minor decrease;B;38.4681;1062731;30
248;Zagreb--Croatia;595123_20865;1;1;Pre-1985;3;plain;amont urb aval;NA;19;1236302.11309;1.23630211309;Zagreb;4;Zagreb--Croatia;cl2;Croatia;EU;c10;c02;b04;47569;8438;16989;138960;72996;0.651665844703819;0.115595375089046;0.232738780207135;B : Medium increase and minor decrease;B;45.8144;15978;20
277;Zaragoza--Spain;788291_205149;1;1;Pre-1985;1;plain;amont;NA;3;180773.21131;0.18077321131;Zaragoza;0;Zaragoza--Spain;cl1;Spain;EU;c11;c16;b12;24704;9421;7363;227817;41488;0.595449286540687;0.227077709217123;0.177473004242191;B : Medium increase and minor decrease;B;41.6561;-8773;15
;NA;NA;;;NA;;NA;NA;NA;;NA;NA;NA;NA;NA;NA;NA;NA;NA;NA;NA;27866;23163;195470;1479388;246499;0.113047111752989;0.0939679268475734;0.792984961399438;D : Minor increase and minor decrease;D;40.2717;-76885;20
